Cluster,Score,NumDocs,Percent,DocIds,Terms,FreqTerms
1,-0.4262969418,37,,"[3, 4, 13, 22, 30, 32, 83, 84, 97, 104, 110, 117, 133, 146, 156, 184, 210, 211, 257, 272, 273, 281, 295, 309, 311, 343, 345, 384, 388, 430, 468, 503, 516, 522, 537, 543, 561]","[{'term': 'flow prediction', 'score': 0.0068919122, 'freq': 7, 'cluster_ids': [1, 3], 'plural': 'flow predictions', 'doc_ids': [156, 273, 543]}, {'term': 'spatial correlation', 'score': 0.0049341992, 'freq': 4, 'cluster_ids': [1], 'plural': 'spatial correlations', 'doc_ids': [30, 273]}, {'term': 'terrorist attack', 'score': 0.0049341992, 'freq': 4, 'cluster_ids': [1], 'plural': 'terrorist attacks', 'doc_ids': [117, 561]}, {'term': 'spatial familiarity', 'score': 0.0074012987, 'freq': 6, 'cluster_ids': [1], 'plural': 'spatial familiarities', 'doc_ids': [4]}, {'term': 'trip generation', 'score': 0.0061677489000000005, 'freq': 5, 'cluster_ids': [1], 'plural': 'trip generations', 'doc_ids': [84]}, {'term': 'eye movement', 'score': 0.0049341992, 'freq': 4, 'cluster_ids': [1], 'plural': 'eye movements', 'doc_ids': [4]}, {'term': 'commercial district', 'score': 0.0049341992, 'freq': 4, 'cluster_ids': [1], 'plural': 'commercial districts', 'doc_ids': [22]}, {'term': 'varying impact', 'score': 0.0049341992, 'freq': 4, 'cluster_ids': [1], 'plural': 'varying impacts', 'doc_ids': [104]}, {'term': 'railway station', 'score': 0.0049341992, 'freq': 4, 'cluster_ids': [1], 'plural': 'railway stations', 'doc_ids': [343]}, {'term': 'opportunistic criminal', 'score': 0.0049341992, 'freq': 4, 'cluster_ids': [1], 'plural': 'opportunistic criminals', 'doc_ids': [537]}]","[{'term': 'machine learning', 'freq': 19, 'range': 19, 'score': 38, 'doc_ids': [13, 22, 32, 83, 104, 110, 117, 133, 146, 156, 257, 272, 281, 343, 384, 388, 430, 468, 561]}, {'term': 'urban planning', 'freq': 19, 'range': 16, 'score': 35, 'doc_ids': [32, 83, 84, 104, 133, 156, 210, 211, 257, 273, 281, 295, 311, 345, 384, 522]}, {'term': 'data mining', 'freq': 10, 'range': 7, 'score': 17, 'doc_ids': [30, 272, 343, 384, 468, 516, 543]}, {'term': 'urban data', 'freq': 9, 'range': 6, 'score': 15, 'doc_ids': [22, 30, 97, 210, 503, 543]}, {'term': 'smart city', 'freq': 8, 'range': 6, 'score': 14, 'doc_ids': [13, 211, 272, 311, 468, 543]}, {'term': 'learning technique', 'freq': 8, 'range': 6, 'score': 14, 'doc_ids': [13, 83, 104, 110, 211, 561]}, {'term': 'urban environment', 'freq': 8, 'range': 4, 'score': 12, 'doc_ids': [4, 117, 146, 561]}, {'term': 'social medium', 'freq': 7, 'range': 5, 'score': 12, 'doc_ids': [4, 133, 295, 311, 543]}, {'term': 'urban area', 'freq': 5, 'range': 5, 'score': 10, 'doc_ids': [3, 13, 156, 468, 537]}, {'term': 'flow prediction', 'freq': 7, 'range': 3, 'score': 10, 'doc_ids': [156, 273, 543]}]"
2,0.7639679511,24,,"[191, 200, 235, 258, 336, 364, 410, 412, 417, 459, 467, 486, 493, 504, 510, 542, 544, 550, 560, 562, 571, 573, 574, 584]","[{'term': 'mobile phone', 'score': 0.0061885712, 'freq': 7, 'cluster_ids': [1, 2, 3, 5, 14, 15, 30], 'plural': 'mobile phones', 'doc_ids': [258, 542, 573, 574]}, {'term': 'phone data', 'score': 0.0055498793, 'freq': 4, 'cluster_ids': [2, 5, 30], 'plural': 'phone datas', 'doc_ids': [258, 542]}, {'term': 'placeness', 'score': 0.0074302718, 'freq': 7, 'cluster_ids': [2], 'plural': 'placenesses', 'doc_ids': [467]}, {'term': 'leisure', 'score': 0.006368804400000001, 'freq': 6, 'cluster_ids': [2], 'plural': 'leisures', 'doc_ids': [417]}, {'term': 'retail store', 'score': 0.0081606659, 'freq': 4, 'cluster_ids': [2], 'plural': 'retail stores', 'doc_ids': [364]}, {'term': 'health outcome', 'score': 0.0065134429, 'freq': 4, 'cluster_ids': [2, 18], 'plural': 'health outcomes', 'doc_ids': [191]}, {'term': 'leisure activity', 'score': 0.0061204994, 'freq': 3, 'cluster_ids': [2], 'plural': 'leisure activities', 'doc_ids': [417]}, {'term': 'public record', 'score': 0.0061204994, 'freq': 3, 'cluster_ids': [2], 'plural': 'public records', 'doc_ids': [459]}, {'term': 'predictive analytics', 'score': 0.0061204994, 'freq': 3, 'cluster_ids': [2], 'plural': 'predictive analytic', 'doc_ids': [562]}, {'term': 'mobility flow', 'score': 0.0061204994, 'freq': 3, 'cluster_ids': [2], 'plural': 'mobility flows', 'doc_ids': [571]}]","[{'term': 'urban planning', 'freq': 13, 'range': 12, 'score': 25, 'doc_ids': [200, 258, 336, 410, 459, 486, 504, 542, 544, 573, 574, 584]}, {'term': 'machine learning', 'freq': 12, 'range': 11, 'score': 23, 'doc_ids': [191, 336, 412, 467, 493, 504, 542, 550, 562, 573, 584]}, {'term': 'urban data', 'freq': 10, 'range': 6, 'score': 16, 'doc_ids': [235, 364, 493, 510, 550, 571]}, {'term': 'social medium', 'freq': 7, 'range': 5, 'score': 12, 'doc_ids': [200, 504, 550, 571, 573]}, {'term': 'land use', 'freq': 8, 'range': 3, 'score': 11, 'doc_ids': [258, 542, 574]}, {'term': 'mobile phone', 'freq': 7, 'range': 4, 'score': 11, 'doc_ids': [258, 542, 573, 574]}, {'term': 'case study', 'freq': 6, 'range': 4, 'score': 10, 'doc_ids': [364, 467, 493, 550]}, {'term': 'learning technique', 'freq': 5, 'range': 5, 'score': 10, 'doc_ids': [412, 467, 493, 542, 550]}, {'term': 'data source', 'freq': 5, 'range': 4, 'score': 9, 'doc_ids': [191, 258, 364, 504]}, {'term': 'smart city', 'freq': 6, 'range': 3, 'score': 9, 'doc_ids': [410, 550, 584]}]"
3,0.9150015773,23,,"[38, 155, 220, 240, 298, 304, 319, 321, 334, 346, 359, 392, 407, 422, 423, 439, 499, 519, 526, 530, 536, 555, 587]","[{'term': 'traffic', 'score': 0.012249492, 'freq': 69, 'cluster_ids': [1, 2, 3, 4, 5, 7, 8, 11, 14, 18, 21, 22, 23, 25, 29, 30], 'plural': 'traffics', 'doc_ids': [38, 155, 220, 240, 304, 319, 334, 359, 392, 422, 423, 439, 499, 519, 526, 530, 536, 587]}, {'term': 'traffic congestion', 'score': 0.0088438843, 'freq': 9, 'cluster_ids': [3, 4, 7, 30], 'plural': 'traffic congestions', 'doc_ids': [304, 334, 439, 519, 530, 536]}, {'term': 'mode', 'score': 0.0063073328, 'freq': 19, 'cluster_ids': [1, 3, 5, 7, 12, 17, 18, 22, 25], 'plural': 'modes', 'doc_ids': [298, 392, 423, 555]}, {'term': 'traffic flow', 'score': 0.0156899073, 'freq': 14, 'cluster_ids': [1, 3, 7], 'plural': 'traffic flows', 'doc_ids': [155, 220, 439, 499]}, {'term': 'transportation mode', 'score': 0.0197292547, 'freq': 15, 'cluster_ids': [3, 5], 'plural': 'transportation modes', 'doc_ids': [298, 392, 423]}, {'term': 'traffic volume', 'score': 0.0118375528, 'freq': 9, 'cluster_ids': [3, 25], 'plural': 'traffic volumes', 'doc_ids': [155, 422, 499]}, {'term': 'intelligent transportation', 'score': 0.006878576700000001, 'freq': 7, 'cluster_ids': [3, 4, 7, 29], 'plural': 'intelligent transportations', 'doc_ids': [155, 220, 319]}, {'term': 'citywide traffic', 'score': 0.0065916539, 'freq': 4, 'cluster_ids': [3], 'plural': 'citywide traffics', 'doc_ids': [359, 499]}, {'term': 'travel speed', 'score': 0.0065916539, 'freq': 4, 'cluster_ids': [3], 'plural': 'travel speeds', 'doc_ids': [499, 530]}, {'term': 'mode recognition', 'score': 0.0115353943, 'freq': 7, 'cluster_ids': [3], 'plural': 'mode recognitions', 'doc_ids': [392]}]","[{'term': 'machine learning', 'freq': 10, 'range': 10, 'score': 20, 'doc_ids': [155, 240, 304, 319, 334, 346, 499, 519, 555, 587]}, {'term': 'urban planning', 'freq': 9, 'range': 9, 'score': 18, 'doc_ids': [155, 220, 319, 321, 392, 422, 423, 439, 536]}, {'term': 'traffic flow', 'freq': 14, 'range': 4, 'score': 18, 'doc_ids': [155, 220, 439, 499]}, {'term': 'transportation mode', 'freq': 15, 'range': 3, 'score': 18, 'doc_ids': [298, 392, 423]}, {'term': 'traffic congestion', 'freq': 9, 'range': 6, 'score': 15, 'doc_ids': [304, 334, 439, 519, 530, 536]}, {'term': 'deep learning', 'freq': 7, 'range': 6, 'score': 13, 'doc_ids': [155, 319, 359, 392, 439, 536]}, {'term': 'traffic volume', 'freq': 9, 'range': 3, 'score': 12, 'doc_ids': [155, 422, 499]}, {'term': 'big data', 'freq': 8, 'range': 3, 'score': 11, 'doc_ids': [155, 220, 439]}, {'term': 'urban environment', 'freq': 7, 'range': 4, 'score': 11, 'doc_ids': [334, 346, 407, 526]}, {'term': 'intelligent transportation', 'freq': 7, 'range': 3, 'score': 10, 'doc_ids': [155, 220, 319]}]"
4,0.7885867554,12,,"[145, 243, 264, 291, 300, 387, 394, 432, 434, 451, 502, 527]","[{'term': 'smart city', 'score': 0.0087611851, 'freq': 14, 'cluster_ids': [1, 2, 3, 4, 6, 13, 16, 18, 20, 21, 23, 27, 28, 29, 30, 31], 'plural': 'smart cities', 'doc_ids': [145, 291, 434, 451, 527]}, {'term': 'air quality', 'score': 0.0093230123, 'freq': 6, 'cluster_ids': [4, 5, 12, 21, 22, 29], 'plural': 'air qualities', 'doc_ids': [291, 394]}, {'term': 'urban governance', 'score': 0.006905374200000001, 'freq': 4, 'cluster_ids': [1, 4, 22, 29, 30], 'plural': 'urban governances', 'doc_ids': [243, 434]}, {'term': 'large data', 'score': 0.006629022500000001, 'freq': 3, 'cluster_ids': [2, 4, 13], 'plural': 'large datas', 'doc_ids': [387, 451]}, {'term': 'traffic control', 'score': 0.006629022500000001, 'freq': 3, 'cluster_ids': [2, 3, 4], 'plural': 'traffic controls', 'doc_ids': [451]}, {'term': 'delivery system', 'score': 0.006498308, 'freq': 2, 'cluster_ids': [4], 'plural': 'delivery systems', 'doc_ids': [264]}, {'term': 'traffic load', 'score': 0.006498308, 'freq': 2, 'cluster_ids': [4], 'plural': 'traffic loads', 'doc_ids': [300]}, {'term': 'traffic system', 'score': 0.006498308, 'freq': 2, 'cluster_ids': [4], 'plural': 'traffic systems', 'doc_ids': [300]}, {'term': 'security protocol', 'score': 0.006498308, 'freq': 2, 'cluster_ids': [4], 'plural': 'security protocols', 'doc_ids': [300]}, {'term': 'ambient intelligence', 'score': 0.006498308, 'freq': 2, 'cluster_ids': [4], 'plural': 'ambient intelligences', 'doc_ids': [394]}]","[{'term': 'smart city', 'freq': 14, 'range': 6, 'score': 20, 'doc_ids': [145, 243, 291, 434, 451, 527]}, {'term': 'urban planning', 'freq': 6, 'range': 5, 'score': 11, 'doc_ids': [145, 264, 291, 300, 387]}, {'term': 'machine learning', 'freq': 6, 'range': 5, 'score': 11, 'doc_ids': [145, 387, 432, 434, 451]}, {'term': 'data set', 'freq': 8, 'range': 3, 'score': 11, 'doc_ids': [387, 434, 451]}, {'term': 'urban data', 'freq': 5, 'range': 4, 'score': 9, 'doc_ids': [394, 432, 502, 527]}, {'term': 'big data', 'freq': 7, 'range': 2, 'score': 9, 'doc_ids': [394, 434]}, {'term': 'air quality', 'freq': 6, 'range': 2, 'score': 8, 'doc_ids': [291, 394]}, {'term': 'data mining', 'freq': 5, 'range': 3, 'score': 8, 'doc_ids': [387, 394, 434]}, {'term': 'case study', 'freq': 4, 'range': 3, 'score': 7, 'doc_ids': [291, 434, 527]}, {'term': 'urban governance', 'freq': 4, 'range': 2, 'score': 6, 'doc_ids': [243, 434]}]"
5,0.6371890009,14,,"[134, 249, 261, 296, 326, 337, 358, 362, 373, 395, 425, 428, 545, 546]","[{'term': 'travel', 'score': 0.0101242703, 'freq': 19, 'cluster_ids': [1, 2, 3, 5, 7, 21, 22, 25, 29], 'plural': 'travels', 'doc_ids': [134, 296, 326, 358, 425, 546]}, {'term': 'human mobility', 'score': 0.0125650267, 'freq': 11, 'cluster_ids': [1, 2, 3, 5, 6, 7, 21, 22], 'plural': 'human mobilities', 'doc_ids': [326, 362, 373]}, {'term': 'travel pattern', 'score': 0.0138679421, 'freq': 6, 'cluster_ids': [1, 5], 'plural': 'travel patterns', 'doc_ids': [326, 546]}, {'term': 'smart card', 'score': 0.011556618400000001, 'freq': 5, 'cluster_ids': [5, 15], 'plural': 'smart cards', 'doc_ids': [326, 546]}, {'term': 'card data', 'score': 0.0115833918, 'freq': 4, 'cluster_ids': [5], 'plural': 'card datas', 'doc_ids': [326, 546]}, {'term': 'pedestrian activity', 'score': 0.0138679421, 'freq': 6, 'cluster_ids': [5, 8], 'plural': 'pedestrian activities', 'doc_ids': [428]}, {'term': 'truck driver', 'score': 0.0144792397, 'freq': 5, 'cluster_ids': [5], 'plural': 'truck drivers', 'doc_ids': [425]}, {'term': 'geographical area', 'score': 0.011556618400000001, 'freq': 5, 'cluster_ids': [2, 5], 'plural': 'geographical areas', 'doc_ids': [249]}, {'term': 'special event', 'score': 0.0115833918, 'freq': 4, 'cluster_ids': [5], 'plural': 'special events', 'doc_ids': [261]}, {'term': 'socioeconomic status', 'score': 0.0115833918, 'freq': 4, 'cluster_ids': [5], 'plural': 'socioeconomic statuses', 'doc_ids': [362]}]","[{'term': 'human mobility', 'freq': 11, 'range': 3, 'score': 14, 'doc_ids': [326, 362, 373]}, {'term': 'urban planning', 'freq': 6, 'range': 5, 'score': 11, 'doc_ids': [249, 358, 395, 545, 546]}, {'term': 'travel behavior', 'freq': 5, 'range': 3, 'score': 8, 'doc_ids': [134, 296, 326]}, {'term': 'trajectory data', 'freq': 5, 'range': 3, 'score': 8, 'doc_ids': [249, 326, 395]}, {'term': 'human movement', 'freq': 5, 'range': 3, 'score': 8, 'doc_ids': [326, 358, 362]}, {'term': 'travel pattern', 'freq': 6, 'range': 2, 'score': 8, 'doc_ids': [326, 546]}, {'term': 'machine learning', 'freq': 4, 'range': 4, 'score': 8, 'doc_ids': [337, 373, 425, 545]}, {'term': 'smart card', 'freq': 5, 'range': 2, 'score': 7, 'doc_ids': [326, 546]}, {'term': 'pedestrian activity', 'freq': 6, 'range': 1, 'score': 7, 'doc_ids': [428]}, {'term': 'geographical area', 'freq': 5, 'range': 1, 'score': 6, 'doc_ids': [249]}]"
6,0.7255807228000001,16,,"[55, 124, 125, 139, 194, 202, 244, 324, 353, 355, 375, 415, 438, 485, 491, 511]","[{'term': 'social medium', 'score': 0.011085011300000001, 'freq': 11, 'cluster_ids': [1, 2, 6, 13, 15, 20, 22, 23, 25], 'plural': 'social mediums', 'doc_ids': [139, 202, 415, 438, 485]}, {'term': 'functional region', 'score': 0.0133996064, 'freq': 6, 'cluster_ids': [1, 6], 'plural': 'functional regions', 'doc_ids': [375, 491]}, {'term': 'positive deviance', 'score': 0.0279805196, 'freq': 10, 'cluster_ids': [6], 'plural': 'positive deviances', 'doc_ids': [415]}, {'term': 'support system', 'score': 0.010704847200000001, 'freq': 8, 'cluster_ids': [4, 6, 11, 18, 23, 29], 'plural': 'support systems', 'doc_ids': [125]}, {'term': 'tweet', 'score': 0.0062387373, 'freq': 7, 'cluster_ids': [1, 2, 6], 'plural': 'tweets', 'doc_ids': [438]}, {'term': 'civic query', 'score': 0.011192207800000001, 'freq': 4, 'cluster_ids': [6], 'plural': 'civic queries', 'doc_ids': [194]}, {'term': 'analysis method', 'score': 0.006673934, 'freq': 4, 'cluster_ids': [6, 14, 16, 23], 'plural': 'analysis methods', 'doc_ids': [202]}, {'term': 'medium data', 'score': 0.0059466543000000005, 'freq': 4, 'cluster_ids': [1, 2, 6, 18, 25], 'plural': 'medium datas', 'doc_ids': [485]}, {'term': 'image dimension', 'score': 0.0083941559, 'freq': 3, 'cluster_ids': [6], 'plural': 'image dimensions', 'doc_ids': [244]}, {'term': 'sentiment analysis', 'score': 0.0083941559, 'freq': 3, 'cluster_ids': [6], 'plural': 'sentiment analyses', 'doc_ids': [438]}]","[{'term': 'big data', 'freq': 14, 'range': 7, 'score': 21, 'doc_ids': [125, 139, 194, 202, 353, 375, 415]}, {'term': 'urban planning', 'freq': 9, 'range': 8, 'score': 17, 'doc_ids': [125, 139, 202, 415, 438, 485, 491, 511]}, {'term': 'social medium', 'freq': 11, 'range': 5, 'score': 16, 'doc_ids': [139, 202, 415, 438, 485]}, {'term': 'machine learning', 'freq': 8, 'range': 4, 'score': 12, 'doc_ids': [125, 202, 491, 511]}, {'term': 'positive deviance', 'freq': 10, 'range': 1, 'score': 11, 'doc_ids': [415]}, {'term': 'support system', 'freq': 8, 'range': 1, 'score': 9, 'doc_ids': [125]}, {'term': 'functional region', 'freq': 6, 'range': 2, 'score': 8, 'doc_ids': [375, 491]}, {'term': 'learning technique', 'freq': 3, 'range': 2, 'score': 5, 'doc_ids': [125, 139]}, {'term': 'case study', 'freq': 3, 'range': 2, 'score': 5, 'doc_ids': [139, 485]}, {'term': 'smart city', 'freq': 4, 'range': 1, 'score': 5, 'doc_ids': [194]}]"
7,0.6991639521,16,,"[63, 69, 127, 138, 209, 233, 307, 356, 363, 370, 382, 433, 435, 450, 461, 466]","[{'term': 'traffic', 'score': 0.012441731400000001, 'freq': 46, 'cluster_ids': [1, 2, 3, 4, 5, 7, 8, 11, 14, 18, 21, 22, 23, 25, 29, 30], 'plural': 'traffics', 'doc_ids': [63, 127, 138, 209, 233, 307, 356, 370, 382, 450, 461]}, {'term': 'traffic flow', 'score': 0.0147525882, 'freq': 8, 'cluster_ids': [1, 3, 7], 'plural': 'traffic flows', 'doc_ids': [63, 209, 307]}, {'term': 'traffic light', 'score': 0.0151496762, 'freq': 7, 'cluster_ids': [3, 7], 'plural': 'traffic lights', 'doc_ids': [370, 450, 461]}, {'term': 'mobility pattern', 'score': 0.0177860341, 'freq': 11, 'cluster_ids': [1, 5, 7, 21], 'plural': 'mobility patterns', 'doc_ids': [69, 127]}, {'term': 'route planning', 'score': 0.0110644412, 'freq': 6, 'cluster_ids': [5, 7, 21], 'plural': 'route plannings', 'doc_ids': [63, 138]}, {'term': 'dynamic routing', 'score': 0.0108462669, 'freq': 4, 'cluster_ids': [7], 'plural': 'dynamic routings', 'doc_ids': [138, 450]}, {'term': 'travel demand', 'score': 0.0108462669, 'freq': 4, 'cluster_ids': [7], 'plural': 'travel demands', 'doc_ids': [138, 233]}, {'term': 'transit mobility', 'score': 0.0173139156, 'freq': 8, 'cluster_ids': [5, 7], 'plural': 'transit mobilities', 'doc_ids': [69]}, {'term': 'mobility structure', 'score': 0.018980967, 'freq': 7, 'cluster_ids': [7], 'plural': 'mobility structures', 'doc_ids': [69]}, {'term': 'flow forecasting', 'score': 0.0108462669, 'freq': 4, 'cluster_ids': [7], 'plural': 'flow forecastings', 'doc_ids': [307]}]","[{'term': 'urban environment', 'freq': 9, 'range': 5, 'score': 14, 'doc_ids': [233, 356, 363, 433, 466]}, {'term': 'mobility pattern', 'freq': 11, 'range': 2, 'score': 13, 'doc_ids': [69, 127]}, {'term': 'traffic flow', 'freq': 8, 'range': 3, 'score': 11, 'doc_ids': [63, 209, 307]}, {'term': 'traffic congestion', 'freq': 6, 'range': 5, 'score': 11, 'doc_ids': [138, 209, 307, 450, 461]}, {'term': 'urban area', 'freq': 5, 'range': 5, 'score': 10, 'doc_ids': [63, 69, 138, 370, 450]}, {'term': 'urban planning', 'freq': 5, 'range': 5, 'score': 10, 'doc_ids': [127, 233, 307, 433, 461]}, {'term': 'machine learning', 'freq': 5, 'range': 5, 'score': 10, 'doc_ids': [138, 209, 370, 435, 450]}, {'term': 'traffic light', 'freq': 7, 'range': 3, 'score': 10, 'doc_ids': [370, 450, 461]}, {'term': 'transit mobility', 'freq': 8, 'range': 1, 'score': 9, 'doc_ids': [69]}, {'term': 'route planning', 'freq': 6, 'range': 2, 'score': 8, 'doc_ids': [63, 138]}]"
8,-0.2297408058,23,,"[2, 35, 48, 49, 51, 52, 86, 154, 157, 206, 268, 277, 287, 325, 367, 376, 411, 474, 477, 523, 529, 534, 595]","[{'term': 'street', 'score': 0.0114753243, 'freq': 64, 'cluster_ids': [1, 3, 4, 8, 9, 10, 11, 13, 18, 20, 22, 23, 24, 27, 29, 30], 'plural': 'streets', 'doc_ids': [2, 35, 48, 49, 51, 52, 154, 206, 325, 367, 376, 411, 477, 523, 534, 595]}, {'term': 'perception', 'score': 0.0097770643, 'freq': 38, 'cluster_ids': [1, 7, 8, 9, 10, 11, 17, 18, 19, 20, 23, 30], 'plural': 'perceptions', 'doc_ids': [2, 35, 52, 154, 206, 277, 367, 376, 595]}, {'term': 'street view', 'score': 0.0131426986, 'freq': 15, 'cluster_ids': [8, 9, 13, 18, 20, 29], 'plural': 'street views', 'doc_ids': [2, 35, 48, 49, 51, 52, 206, 411, 477]}, {'term': 'greenery', 'score': 0.0122126326, 'freq': 22, 'cluster_ids': [8, 9, 12, 24], 'plural': 'greeneries', 'doc_ids': [2, 325, 367, 411, 477]}, {'term': 'street greenery', 'score': 0.0256499554, 'freq': 14, 'cluster_ids': [8], 'plural': 'street greeneries', 'doc_ids': [325, 367, 411]}, {'term': 'view imagery', 'score': 0.0124599563, 'freq': 10, 'cluster_ids': [8, 9, 18], 'plural': 'view imageries', 'doc_ids': [2, 48, 51]}, {'term': 'housing price', 'score': 0.0112139606, 'freq': 9, 'cluster_ids': [8, 9, 30], 'plural': 'housing prices', 'doc_ids': [2, 411]}, {'term': 'street quality', 'score': 0.014657117400000001, 'freq': 8, 'cluster_ids': [8], 'plural': 'street qualities', 'doc_ids': [2, 367]}, {'term': 'visual quality', 'score': 0.0116985916, 'freq': 8, 'cluster_ids': [8, 9], 'plural': 'visual qualities', 'doc_ids': [35, 367]}, {'term': 'objective indicator', 'score': 0.0091606984, 'freq': 5, 'cluster_ids': [8], 'plural': 'objective indicators', 'doc_ids': [2]}]","[{'term': 'street view', 'freq': 15, 'range': 9, 'score': 24, 'doc_ids': [2, 35, 48, 49, 51, 52, 206, 411, 477]}, {'term': 'machine learning', 'freq': 13, 'range': 11, 'score': 24, 'doc_ids': [2, 49, 51, 86, 154, 268, 277, 287, 367, 376, 534]}, {'term': 'urban planning', 'freq': 9, 'range': 8, 'score': 17, 'doc_ids': [35, 49, 52, 325, 367, 376, 474, 477]}, {'term': 'street greenery', 'freq': 14, 'range': 3, 'score': 17, 'doc_ids': [325, 367, 411]}, {'term': 'urban environment', 'freq': 11, 'range': 5, 'score': 16, 'doc_ids': [206, 277, 376, 477, 534]}, {'term': 'view imagery', 'freq': 10, 'range': 4, 'score': 14, 'doc_ids': [2, 48, 51, 523]}, {'term': 'urban design', 'freq': 8, 'range': 5, 'score': 13, 'doc_ids': [2, 35, 268, 287, 523]}, {'term': 'housing price', 'freq': 9, 'range': 2, 'score': 11, 'doc_ids': [2, 411]}, {'term': 'view image', 'freq': 6, 'range': 5, 'score': 11, 'doc_ids': [35, 52, 206, 411, 477]}, {'term': 'urban data', 'freq': 8, 'range': 3, 'score': 11, 'doc_ids': [86, 367, 411]}]"
9,0.6180727494,11,,"[31, 77, 170, 269, 271, 280, 313, 340, 429, 472, 489]","[{'term': 'perception', 'score': 0.0170927911, 'freq': 35, 'cluster_ids': [1, 7, 8, 9, 10, 11, 17, 18, 19, 20, 23, 30], 'plural': 'perceptions', 'doc_ids': [31, 77, 170, 269, 280, 313, 429, 472]}, {'term': 'human perception', 'score': 0.0212197803, 'freq': 11, 'cluster_ids': [8, 9, 10, 18], 'plural': 'human perceptions', 'doc_ids': [77, 170, 269, 280, 429]}, {'term': 'perceptual quality', 'score': 0.016175289500000002, 'freq': 5, 'cluster_ids': [9], 'plural': 'perceptual qualities', 'doc_ids': [170, 269]}, {'term': 'view index', 'score': 0.010328257700000001, 'freq': 4, 'cluster_ids': [8, 9], 'plural': 'view indexes', 'doc_ids': [31, 77]}, {'term': 'subjective measure', 'score': 0.010328257700000001, 'freq': 4, 'cluster_ids': [8, 9], 'plural': 'subjective measures', 'doc_ids': [77, 170]}, {'term': 'visual quality', 'score': 0.0180744509, 'freq': 7, 'cluster_ids': [8, 9], 'plural': 'visual qualities', 'doc_ids': [340]}, {'term': 'psychological perception', 'score': 0.0194103474, 'freq': 6, 'cluster_ids': [9], 'plural': 'psychological perceptions', 'doc_ids': [31]}, {'term': 'urban perception', 'score': 0.013200526300000001, 'freq': 6, 'cluster_ids': [8, 9, 10], 'plural': 'urban perceptions', 'doc_ids': [313]}, {'term': 'street vitality', 'score': 0.0097051737, 'freq': 3, 'cluster_ids': [9], 'plural': 'street vitalities', 'doc_ids': [280]}, {'term': 'evaluation model', 'score': 0.0097051737, 'freq': 3, 'cluster_ids': [9], 'plural': 'evaluation models', 'doc_ids': [340]}]","[{'term': 'machine learning', 'freq': 11, 'range': 9, 'score': 20, 'doc_ids': [77, 170, 269, 271, 313, 340, 429, 472, 489]}, {'term': 'human perception', 'freq': 11, 'range': 5, 'score': 16, 'doc_ids': [77, 170, 269, 280, 429]}, {'term': 'computer vision', 'freq': 7, 'range': 5, 'score': 12, 'doc_ids': [77, 170, 269, 280, 489]}, {'term': 'deep learning', 'freq': 5, 'range': 5, 'score': 10, 'doc_ids': [31, 269, 271, 313, 429]}, {'term': 'urban design', 'freq': 6, 'range': 4, 'score': 10, 'doc_ids': [77, 170, 269, 271]}, {'term': 'urban landscape', 'freq': 6, 'range': 3, 'score': 9, 'doc_ids': [31, 170, 280]}, {'term': 'neural network', 'freq': 6, 'range': 3, 'score': 9, 'doc_ids': [77, 280, 340]}, {'term': 'visual quality', 'freq': 7, 'range': 1, 'score': 8, 'doc_ids': [340]}, {'term': 'street view', 'freq': 5, 'range': 3, 'score': 8, 'doc_ids': [340, 429, 489]}, {'term': 'view image', 'freq': 5, 'range': 3, 'score': 8, 'doc_ids': [340, 429, 489]}]"
10,0.7055477074000001,10,,"[116, 177, 196, 341, 404, 416, 488, 492, 505, 533]","[{'term': 'public space', 'score': 0.0768363969, 'freq': 20, 'cluster_ids': [4, 5, 10], 'plural': 'public spaces', 'doc_ids': [116, 196, 341, 404, 416, 488, 492, 505]}, {'term': 'perception', 'score': 0.0186675927, 'freq': 25, 'cluster_ids': [1, 7, 8, 9, 10, 11, 17, 18, 19, 20, 23, 30], 'plural': 'perceptions', 'doc_ids': [116, 196, 341, 416, 488, 492]}, {'term': 'human perception', 'score': 0.0101057012, 'freq': 3, 'cluster_ids': [8, 9, 10, 18], 'plural': 'human perceptions', 'doc_ids': [341, 488, 492]}, {'term': 'identity', 'score': 0.012938388, 'freq': 6, 'cluster_ids': [10, 11], 'plural': 'identities', 'doc_ids': [505]}, {'term': 'urban identity', 'score': 0.0282454866, 'freq': 5, 'cluster_ids': [10], 'plural': 'urban identities', 'doc_ids': [505]}, {'term': 'online review', 'score': 0.016947292000000003, 'freq': 3, 'cluster_ids': [10], 'plural': 'online reviews', 'doc_ids': [196]}, {'term': 'visitor experience', 'score': 0.016947292000000003, 'freq': 3, 'cluster_ids': [10], 'plural': 'visitor experiences', 'doc_ids': [196]}, {'term': 'important feature', 'score': 0.0135264966, 'freq': 3, 'cluster_ids': [1, 10], 'plural': 'important features', 'doc_ids': [505]}, {'term': 'design problem', 'score': 0.0115254595, 'freq': 3, 'cluster_ids': [10, 23, 30], 'plural': 'design problems', 'doc_ids': [533]}, {'term': 'heterogeneous perception', 'score': 0.0090176644, 'freq': 2, 'cluster_ids': [10, 19], 'plural': 'heterogeneous perceptions', 'doc_ids': [116]}]","[{'term': 'public space', 'freq': 20, 'range': 8, 'score': 28, 'doc_ids': [116, 196, 341, 404, 416, 488, 492, 505]}, {'term': 'machine learning', 'freq': 10, 'range': 8, 'score': 18, 'doc_ids': [116, 177, 196, 341, 404, 416, 488, 533]}, {'term': 'urban design', 'freq': 6, 'range': 4, 'score': 10, 'doc_ids': [196, 492, 505, 533]}, {'term': 'urban space', 'freq': 5, 'range': 4, 'score': 9, 'doc_ids': [116, 488, 492, 505]}, {'term': 'human perception', 'freq': 3, 'range': 3, 'score': 6, 'doc_ids': [341, 488, 492]}, {'term': 'urban identity', 'freq': 5, 'range': 1, 'score': 6, 'doc_ids': [505]}, {'term': 'urban planning', 'freq': 3, 'range': 2, 'score': 5, 'doc_ids': [116, 404]}, {'term': 'planning process', 'freq': 3, 'range': 2, 'score': 5, 'doc_ids': [116, 177]}, {'term': 'massive data', 'freq': 2, 'range': 2, 'score': 4, 'doc_ids': [116, 416]}, {'term': 'new methodology', 'freq': 2, 'range': 2, 'score': 4, 'doc_ids': [116, 488]}]"
11,0.9821675481000001,37,,"[9, 16, 23, 37, 46, 66, 73, 87, 93, 118, 128, 141, 161, 165, 169, 183, 188, 226, 231, 234, 237, 254, 259, 314, 330, 389, 398, 418, 460, 462, 463, 469, 473, 490, 525, 547, 548]","[{'term': 'deep learning', 'score': 0.0063012896, 'freq': 32, 'cluster_ids': [1, 3, 7, 8, 9, 11, 12, 13, 14, 16, 18, 22, 23, 27, 29, 30, 31], 'plural': 'deep learnings', 'doc_ids': [16, 37, 46, 73, 87, 128, 141, 165, 169, 188, 226, 237, 254, 259, 398, 418, 462, 469, 547]}, {'term': 'segmentation', 'score': 0.0066716986, 'freq': 36, 'cluster_ids': [1, 7, 9, 10, 11, 12, 13, 14, 16, 17, 27], 'plural': 'segmentations', 'doc_ids': [16, 66, 93, 141, 183, 389, 398, 463, 473, 490, 525]}, {'term': 'semantic segmentation', 'score': 0.019136612100000002, 'freq': 25, 'cluster_ids': [10, 11, 12], 'plural': 'semantic segmentations', 'doc_ids': [16, 66, 93, 141, 183, 389, 473]}, {'term': 'object detection', 'score': 0.007774409, 'freq': 13, 'cluster_ids': [10, 11, 12, 14, 30], 'plural': 'object detections', 'doc_ids': [46, 226, 237, 259, 314, 547]}, {'term': 'building detection', 'score': 0.007878892, 'freq': 7, 'cluster_ids': [11], 'plural': 'building detections', 'doc_ids': [418, 463, 469, 525, 547]}, {'term': 'building extraction', 'score': 0.0053901813000000005, 'freq': 6, 'cluster_ids': [11, 14], 'plural': 'building extractions', 'doc_ids': [87, 141, 161, 188, 547]}, {'term': 'aerial image', 'score': 0.0065783461, 'freq': 11, 'cluster_ids': [9, 11, 12, 14, 26], 'plural': 'aerial images', 'doc_ids': [128, 237, 525, 548]}, {'term': 'building footprint', 'score': 0.0089836355, 'freq': 10, 'cluster_ids': [11, 23], 'plural': 'building footprints', 'doc_ids': [66, 87, 161, 259]}, {'term': 'change detection', 'score': 0.0060405399, 'freq': 9, 'cluster_ids': [11, 12, 17, 18], 'plural': 'change detections', 'doc_ids': [23, 93, 473]}, {'term': 'overhead imagery', 'score': 0.006753336, 'freq': 6, 'cluster_ids': [11], 'plural': 'overhead imageries', 'doc_ids': [389]}]","[{'term': 'deep learning', 'freq': 32, 'range': 20, 'score': 52, 'doc_ids': [16, 37, 46, 73, 87, 128, 141, 165, 169, 188, 226, 237, 254, 259, 330, 398, 418, 462, 469, 547]}, {'term': 'urban planning', 'freq': 25, 'range': 24, 'score': 49, 'doc_ids': [16, 23, 37, 66, 73, 87, 118, 128, 141, 161, 169, 183, 188, 226, 231, 237, 259, 330, 389, 398, 463, 525, 547, 548]}, {'term': 'neural network', 'freq': 24, 'range': 15, 'score': 39, 'doc_ids': [9, 46, 66, 73, 87, 161, 234, 237, 254, 314, 418, 473, 490, 547, 548]}, {'term': 'semantic segmentation', 'freq': 25, 'range': 7, 'score': 32, 'doc_ids': [16, 66, 93, 141, 183, 389, 473]}, {'term': 'object detection', 'freq': 13, 'range': 6, 'score': 19, 'doc_ids': [46, 226, 237, 259, 314, 547]}, {'term': 'machine learning', 'freq': 10, 'range': 8, 'score': 18, 'doc_ids': [9, 66, 87, 118, 128, 226, 314, 460]}, {'term': 'aerial image', 'freq': 11, 'range': 4, 'score': 15, 'doc_ids': [128, 237, 525, 548]}, {'term': 'experimental result', 'freq': 7, 'range': 7, 'score': 14, 'doc_ids': [9, 16, 37, 226, 231, 473, 547]}, {'term': 'image classification', 'freq': 8, 'range': 6, 'score': 14, 'doc_ids': [16, 37, 398, 462, 490, 548]}, {'term': 'building footprint', 'freq': 10, 'range': 4, 'score': 14, 'doc_ids': [66, 87, 161, 259]}]"
12,-0.1741013421,17,,"[8, 74, 92, 113, 137, 158, 283, 285, 289, 312, 378, 437, 443, 444, 452, 476, 531]","[{'term': 'land cover', 'score': 0.0095395412, 'freq': 12, 'cluster_ids': [11, 12, 13, 15, 16, 17, 24, 25], 'plural': 'land covers', 'doc_ids': [92, 312, 452, 476, 531]}, {'term': 'training sample', 'score': 0.0095941663, 'freq': 7, 'cluster_ids': [1, 12, 14], 'plural': 'training samples', 'doc_ids': [74, 289, 312, 444, 452]}, {'term': 'road centerline', 'score': 0.0161228291, 'freq': 8, 'cluster_ids': [12], 'plural': 'road centerlines', 'doc_ids': [289, 378, 443]}, {'term': 'road extraction', 'score': 0.0100767682, 'freq': 5, 'cluster_ids': [12], 'plural': 'road extractions', 'doc_ids': [289, 378]}, {'term': 'green area', 'score': 0.0096513381, 'freq': 6, 'cluster_ids': [12, 24], 'plural': 'green areas', 'doc_ids': [283]}, {'term': 'optical data', 'score': 0.0080427817, 'freq': 5, 'cluster_ids': [12, 13], 'plural': 'optical datas', 'doc_ids': [476]}, {'term': 'cloud omission', 'score': 0.0080614146, 'freq': 4, 'cluster_ids': [12], 'plural': 'cloud omissions', 'doc_ids': [74]}, {'term': 'omission error', 'score': 0.0080614146, 'freq': 4, 'cluster_ids': [12], 'plural': 'omission errors', 'doc_ids': [74]}, {'term': 'unreinforced masonry', 'score': 0.0080614146, 'freq': 4, 'cluster_ids': [12], 'plural': 'unreinforced masonries', 'doc_ids': [137]}, {'term': 'decision level', 'score': 0.0080614146, 'freq': 4, 'cluster_ids': [12], 'plural': 'decision levels', 'doc_ids': [476]}]","[{'term': 'urban planning', 'freq': 11, 'range': 11, 'score': 22, 'doc_ids': [8, 74, 92, 113, 158, 283, 285, 312, 378, 443, 452]}, {'term': 'land cover', 'freq': 12, 'range': 5, 'score': 17, 'doc_ids': [92, 312, 452, 476, 531]}, {'term': 'machine learning', 'freq': 8, 'range': 6, 'score': 14, 'doc_ids': [113, 158, 283, 285, 452, 531]}, {'term': 'satellite imagery', 'freq': 8, 'range': 4, 'score': 12, 'doc_ids': [8, 92, 283, 531]}, {'term': 'deep learning', 'freq': 7, 'range': 5, 'score': 12, 'doc_ids': [8, 92, 113, 289, 378]}, {'term': 'neural network', 'freq': 7, 'range': 5, 'score': 12, 'doc_ids': [8, 92, 137, 378, 452]}, {'term': 'training sample', 'freq': 7, 'range': 5, 'score': 12, 'doc_ids': [74, 289, 312, 444, 452]}, {'term': 'road centerline', 'freq': 8, 'range': 3, 'score': 11, 'doc_ids': [289, 378, 443]}, {'term': 'road network', 'freq': 7, 'range': 3, 'score': 10, 'doc_ids': [289, 378, 443]}, {'term': 'image classification', 'freq': 5, 'range': 4, 'score': 9, 'doc_ids': [92, 285, 312, 437]}]"
13,0.3696657951,18,,"[59, 78, 96, 130, 144, 186, 193, 212, 245, 251, 260, 282, 328, 368, 393, 427, 479, 559]","[{'term': 'land cover', 'score': 0.0081191829, 'freq': 11, 'cluster_ids': [11, 12, 13, 15, 16, 17, 24, 25], 'plural': 'land covers', 'doc_ids': [96, 282, 479, 559]}, {'term': 'urban land', 'score': 0.012946794900000001, 'freq': 21, 'cluster_ids': [2, 12, 13, 15, 16, 17, 20, 24, 25, 27], 'plural': 'urban lands', 'doc_ids': [78, 130, 260]}, {'term': 'cover classification', 'score': 0.0076354362, 'freq': 6, 'cluster_ids': [12, 13, 17], 'plural': 'cover classifications', 'doc_ids': [96, 282, 559]}, {'term': 'use category', 'score': 0.0076354362, 'freq': 6, 'cluster_ids': [13, 24, 25], 'plural': 'use categories', 'doc_ids': [78, 260]}, {'term': 'contextual feature', 'score': 0.0104546071, 'freq': 7, 'cluster_ids': [5, 13], 'plural': 'contextual features', 'doc_ids': [59]}, {'term': 'land growth', 'score': 0.007467576500000001, 'freq': 5, 'cluster_ids': [13, 16], 'plural': 'land growths', 'doc_ids': [130]}, {'term': 'population spatialization', 'score': 0.0074848768, 'freq': 4, 'cluster_ids': [13], 'plural': 'population spatializations', 'doc_ids': [251]}, {'term': 'deep highway', 'score': 0.0074848768, 'freq': 4, 'cluster_ids': [13], 'plural': 'deep highways', 'doc_ids': [479]}, {'term': 'highway unit', 'score': 0.0074848768, 'freq': 4, 'cluster_ids': [13], 'plural': 'highway units', 'doc_ids': [479]}, {'term': 'unit network', 'score': 0.0074848768, 'freq': 4, 'cluster_ids': [13], 'plural': 'unit networks', 'doc_ids': [479]}]","[{'term': 'land use', 'freq': 24, 'range': 8, 'score': 32, 'doc_ids': [78, 96, 130, 212, 245, 260, 282, 559]}, {'term': 'urban planning', 'freq': 14, 'range': 14, 'score': 28, 'doc_ids': [59, 78, 96, 144, 186, 193, 212, 245, 251, 260, 282, 427, 479, 559]}, {'term': 'urban land', 'freq': 21, 'range': 4, 'score': 25, 'doc_ids': [78, 130, 260, 559]}, {'term': 'deep learning', 'freq': 15, 'range': 5, 'score': 20, 'doc_ids': [96, 144, 193, 479, 559]}, {'term': 'overall accuracy', 'freq': 9, 'range': 6, 'score': 15, 'doc_ids': [78, 96, 212, 245, 260, 393]}, {'term': 'neural network', 'freq': 9, 'range': 6, 'score': 15, 'doc_ids': [78, 186, 245, 328, 427, 559]}, {'term': 'land cover', 'freq': 11, 'range': 4, 'score': 15, 'doc_ids': [96, 282, 479, 559]}, {'term': 'machine learning', 'freq': 7, 'range': 7, 'score': 14, 'doc_ids': [96, 144, 251, 260, 368, 393, 427]}, {'term': 'remote sensing', 'freq': 5, 'range': 5, 'score': 10, 'doc_ids': [78, 96, 144, 479, 559]}, {'term': 'random forest', 'freq': 5, 'range': 5, 'score': 10, 'doc_ids': [78, 186, 212, 251, 393]}]"
14,0.3659226226,18,,"[89, 106, 129, 153, 162, 236, 301, 327, 333, 405, 478, 496, 507, 528, 552, 557, 563, 592]","[{'term': 'cloud', 'score': 0.0164783082, 'freq': 23, 'cluster_ids': [6, 8, 11, 12, 14], 'plural': 'clouds', 'doc_ids': [89, 129, 236, 327, 478, 528, 592]}, {'term': 'point cloud', 'score': 0.0390092477, 'freq': 22, 'cluster_ids': [8, 11, 14], 'plural': 'point clouds', 'doc_ids': [89, 129, 236, 327, 478, 528, 592]}, {'term': 'geometric feature', 'score': 0.0130363784, 'freq': 5, 'cluster_ids': [14], 'plural': 'geometric features', 'doc_ids': [129, 327, 528]}, {'term': 'lidar point', 'score': 0.012485996800000001, 'freq': 6, 'cluster_ids': [8, 14], 'plural': 'lidar points', 'doc_ids': [129, 528]}, {'term': 'data fusion', 'score': 0.008865738100000001, 'freq': 5, 'cluster_ids': [4, 11, 14], 'plural': 'data fusions', 'doc_ids': [162, 496]}, {'term': 'urban point', 'score': 0.010429102800000001, 'freq': 4, 'cluster_ids': [14], 'plural': 'urban points', 'doc_ids': [528, 592]}, {'term': 'cloud data', 'score': 0.010429102800000001, 'freq': 4, 'cluster_ids': [14], 'plural': 'cloud datas', 'doc_ids': [528, 592]}, {'term': 'area extraction', 'score': 0.0078218271, 'freq': 3, 'cluster_ids': [14], 'plural': 'area extractions', 'doc_ids': [405, 496]}, {'term': 'packed building', 'score': 0.0182509298, 'freq': 7, 'cluster_ids': [14], 'plural': 'packed buildings', 'doc_ids': [236]}, {'term': 'water type', 'score': 0.010429102800000001, 'freq': 4, 'cluster_ids': [14], 'plural': 'water types', 'doc_ids': [552]}]","[{'term': 'point cloud', 'freq': 22, 'range': 7, 'score': 29, 'doc_ids': [89, 129, 236, 327, 478, 528, 592]}, {'term': 'urban planning', 'freq': 13, 'range': 13, 'score': 26, 'doc_ids': [89, 106, 129, 153, 236, 301, 327, 405, 478, 507, 552, 557, 563]}, {'term': 'urban area', 'freq': 11, 'range': 5, 'score': 16, 'doc_ids': [89, 129, 405, 496, 552]}, {'term': 'satellite image', 'freq': 9, 'range': 7, 'score': 16, 'doc_ids': [106, 153, 301, 333, 405, 496, 507]}, {'term': 'machine learning', 'freq': 6, 'range': 6, 'score': 12, 'doc_ids': [89, 162, 236, 327, 496, 528]}, {'term': 'classification accuracy', 'freq': 6, 'range': 5, 'score': 11, 'doc_ids': [129, 162, 405, 528, 592]}, {'term': 'lidar point', 'freq': 6, 'range': 4, 'score': 10, 'doc_ids': [89, 129, 236, 528]}, {'term': 'lidar data', 'freq': 6, 'range': 4, 'score': 10, 'doc_ids': [89, 129, 557, 563]}, {'term': 'vector machine', 'freq': 5, 'range': 4, 'score': 9, 'doc_ids': [106, 153, 496, 507]}, {'term': 'feature extraction', 'freq': 5, 'range': 4, 'score': 9, 'doc_ids': [333, 478, 507, 592]}]"
15,-0.5770370976,18,,"[42, 90, 119, 135, 190, 208, 213, 225, 293, 302, 303, 316, 317, 344, 347, 524, 572, 589]","[{'term': 'urban development', 'score': 0.0067975786000000005, 'freq': 11, 'cluster_ids': [7, 12, 14, 15, 16, 17, 18, 19, 24, 25, 29, 31], 'plural': 'urban developments', 'doc_ids': [90, 119, 135, 213, 347]}, {'term': 'land cover', 'score': 0.0079376992, 'freq': 9, 'cluster_ids': [11, 12, 13, 15, 16, 17, 24, 25], 'plural': 'land covers', 'doc_ids': [208, 302, 303, 316, 317]}, {'term': 'urban growth', 'score': 0.0085542482, 'freq': 8, 'cluster_ids': [1, 13, 15, 16, 17, 18], 'plural': 'urban growths', 'doc_ids': [119, 208, 213, 293, 572]}, {'term': 'urban land', 'score': 0.0088400904, 'freq': 12, 'cluster_ids': [2, 12, 13, 15, 16, 17, 20, 24, 25, 27], 'plural': 'urban lands', 'doc_ids': [42, 90, 316, 524]}, {'term': 'development pattern', 'score': 0.012492236700000001, 'freq': 7, 'cluster_ids': [15, 16], 'plural': 'development patterns', 'doc_ids': [119, 213]}, {'term': 'stream water', 'score': 0.0178873966, 'freq': 8, 'cluster_ids': [15], 'plural': 'stream waters', 'doc_ids': [119]}, {'term': 'water quality', 'score': 0.0121648029, 'freq': 8, 'cluster_ids': [4, 15, 17], 'plural': 'water qualities', 'doc_ids': [119]}, {'term': 'urban forest', 'score': 0.0089230262, 'freq': 5, 'cluster_ids': [15, 24], 'plural': 'urban forests', 'doc_ids': [347]}, {'term': 'land expansion', 'score': 0.007138421000000001, 'freq': 4, 'cluster_ids': [15, 17], 'plural': 'land expansions', 'doc_ids': [90]}, {'term': 'slum area', 'score': 0.007138421000000001, 'freq': 4, 'cluster_ids': [13, 15], 'plural': 'slum areas', 'doc_ids': [303]}]","[{'term': 'land use', 'freq': 22, 'range': 8, 'score': 30, 'doc_ids': [90, 119, 208, 293, 316, 317, 524, 589]}, {'term': 'urban land', 'freq': 12, 'range': 4, 'score': 16, 'doc_ids': [42, 90, 316, 524]}, {'term': 'machine learning', 'freq': 8, 'range': 8, 'score': 16, 'doc_ids': [42, 90, 119, 190, 208, 302, 317, 524]}, {'term': 'urban development', 'freq': 11, 'range': 5, 'score': 16, 'doc_ids': [90, 119, 135, 213, 347]}, {'term': 'urban growth', 'freq': 8, 'range': 6, 'score': 14, 'doc_ids': [119, 208, 213, 225, 293, 572]}, {'term': 'land cover', 'freq': 9, 'range': 5, 'score': 14, 'doc_ids': [208, 302, 303, 316, 317]}, {'term': 'urban area', 'freq': 8, 'range': 5, 'score': 13, 'doc_ids': [42, 90, 303, 317, 572]}, {'term': 'urban planning', 'freq': 6, 'range': 6, 'score': 12, 'doc_ids': [135, 190, 213, 293, 302, 317]}, {'term': 'overall accuracy', 'freq': 6, 'range': 5, 'score': 11, 'doc_ids': [302, 303, 317, 347, 572]}, {'term': 'stream water', 'freq': 8, 'range': 1, 'score': 9, 'doc_ids': [119]}]"
16,0.9420474307000001,23,,"[6, 100, 114, 175, 182, 256, 288, 299, 310, 348, 352, 420, 426, 436, 464, 494, 509, 553, 554, 570, 582, 593, 594]","[{'term': 'land use', 'score': 0.007764113600000001, 'freq': 35, 'cluster_ids': [1, 2, 5, 7, 8, 9, 11, 13, 15, 16, 17, 18, 20, 21, 22, 24, 25, 26, 27, 31], 'plural': 'land uses', 'doc_ids': [256, 288, 348, 426, 553, 570, 593]}, {'term': 'expansion', 'score': 0.0060032251000000005, 'freq': 22, 'cluster_ids': [1, 4, 11, 13, 14, 15, 16, 17, 18, 20, 24], 'plural': 'expansions', 'doc_ids': [426, 436, 464, 509, 570]}, {'term': 'urban growth', 'score': 0.0091437236, 'freq': 11, 'cluster_ids': [1, 13, 15, 16, 17, 18], 'plural': 'urban growths', 'doc_ids': [6, 182, 256, 299, 553]}, {'term': 'urban expansion', 'score': 0.011655733100000001, 'freq': 17, 'cluster_ids': [4, 13, 14, 15, 16, 17, 20, 24], 'plural': 'urban expansions', 'doc_ids': [426, 436, 464, 570]}, {'term': 'residential land', 'score': 0.0094567873, 'freq': 8, 'cluster_ids': [8, 15, 16], 'plural': 'residential lands', 'doc_ids': [114, 256, 509]}, {'term': 'use policy', 'score': 0.0069366649, 'freq': 5, 'cluster_ids': [16, 21], 'plural': 'use policies', 'doc_ids': [348, 426]}, {'term': 'building height', 'score': 0.0094567873, 'freq': 8, 'cluster_ids': [16, 23, 24], 'plural': 'building heights', 'doc_ids': [310]}, {'term': 'land price', 'score': 0.008690919, 'freq': 5, 'cluster_ids': [16], 'plural': 'land prices', 'doc_ids': [114]}, {'term': 'urban footprint', 'score': 0.008690919, 'freq': 5, 'cluster_ids': [16], 'plural': 'urban footprints', 'doc_ids': [299]}, {'term': 'urban change', 'score': 0.0059104921, 'freq': 5, 'cluster_ids': [6, 11, 16], 'plural': 'urban changes', 'doc_ids': [553]}]","[{'term': 'land use', 'freq': 35, 'range': 7, 'score': 42, 'doc_ids': [256, 288, 348, 426, 553, 570, 593]}, {'term': 'urban planning', 'freq': 19, 'range': 14, 'score': 33, 'doc_ids': [100, 114, 175, 182, 288, 310, 352, 426, 436, 464, 494, 509, 570, 593]}, {'term': 'machine learning', 'freq': 13, 'range': 11, 'score': 24, 'doc_ids': [100, 114, 288, 299, 352, 420, 464, 494, 553, 554, 570]}, {'term': 'urban expansion', 'freq': 17, 'range': 4, 'score': 21, 'doc_ids': [426, 436, 464, 570]}, {'term': 'urban area', 'freq': 12, 'range': 7, 'score': 19, 'doc_ids': [310, 348, 464, 553, 570, 582, 594]}, {'term': 'neural network', 'freq': 9, 'range': 8, 'score': 17, 'doc_ids': [288, 310, 352, 420, 426, 436, 494, 582]}, {'term': 'urban growth', 'freq': 11, 'range': 5, 'score': 16, 'doc_ids': [6, 182, 256, 299, 553]}, {'term': 'urban land', 'freq': 10, 'range': 6, 'score': 16, 'doc_ids': [114, 182, 256, 348, 426, 570]}, {'term': 'urban development', 'freq': 7, 'range': 5, 'score': 12, 'doc_ids': [310, 436, 464, 570, 594]}, {'term': 'residential land', 'freq': 8, 'range': 3, 'score': 11, 'doc_ids': [114, 256, 509]}]"
17,0.9605302144000001,23,,"[11, 72, 120, 167, 171, 230, 252, 320, 331, 361, 374, 391, 458, 475, 497, 515, 551, 565, 569, 576, 578, 588, 590]","[{'term': 'land', 'score': 0.0060831544000000005, 'freq': 103, 'cluster_ids': [1, 2, 5, 6, 7, 8, 9, 11, 12, 13, 15, 16, 17, 18, 19, 20, 21, 22, 24, 25, 26, 27, 29, 31], 'plural': 'lands', 'doc_ids': [11, 72, 120, 167, 171, 320, 331, 361, 374, 391, 458, 475, 497, 515, 551, 565, 569, 576, 578, 588]}, {'term': 'cover', 'score': 0.0155409063, 'freq': 65, 'cluster_ids': [8, 11, 12, 13, 15, 16, 17, 20, 22, 24, 25], 'plural': 'covers', 'doc_ids': [72, 120, 167, 171, 320, 331, 361, 374, 391, 475, 515, 551, 565, 569, 576, 578, 588]}, {'term': 'land cover', 'score': 0.0346722028, 'freq': 60, 'cluster_ids': [11, 12, 13, 15, 16, 17, 24, 25], 'plural': 'land covers', 'doc_ids': [72, 167, 171, 320, 331, 361, 391, 475, 515, 551, 565, 569, 576, 578, 588]}, {'term': 'image classification', 'score': 0.011427058700000001, 'freq': 18, 'cluster_ids': [9, 11, 12, 13, 17, 18, 30], 'plural': 'image classifications', 'doc_ids': [171, 320, 331, 374, 475, 576, 588, 590]}, {'term': 'cover change', 'score': 0.009963069100000001, 'freq': 10, 'cluster_ids': [15, 16, 17], 'plural': 'cover changes', 'doc_ids': [167, 171, 320, 374, 475, 569, 578]}, {'term': 'urban land', 'score': 0.0082054507, 'freq': 17, 'cluster_ids': [2, 12, 13, 15, 16, 17, 20, 24, 25, 27], 'plural': 'urban lands', 'doc_ids': [167, 171, 458, 475, 551, 578]}, {'term': 'change detection', 'score': 0.0087357731, 'freq': 10, 'cluster_ids': [11, 12, 17, 18], 'plural': 'change detections', 'doc_ids': [72, 167, 374, 391, 497, 578]}, {'term': 'cover classification', 'score': 0.0149446037, 'freq': 15, 'cluster_ids': [12, 13, 17], 'plural': 'cover classifications', 'doc_ids': [361, 391, 515, 588]}, {'term': 'detection analysis', 'score': 0.008789951, 'freq': 6, 'cluster_ids': [17], 'plural': 'detection analyses', 'doc_ids': [72, 374, 391]}, {'term': 'cover mapping', 'score': 0.0059778415, 'freq': 6, 'cluster_ids': [11, 12, 17], 'plural': 'cover mappings', 'doc_ids': [320, 331, 576]}]","[{'term': 'land cover', 'freq': 60, 'range': 15, 'score': 75, 'doc_ids': [72, 167, 171, 320, 331, 361, 391, 475, 515, 551, 565, 569, 576, 578, 588]}, {'term': 'land use', 'freq': 26, 'range': 11, 'score': 37, 'doc_ids': [72, 120, 171, 320, 331, 458, 515, 551, 569, 588, 590]}, {'term': 'image classification', 'freq': 18, 'range': 8, 'score': 26, 'doc_ids': [171, 320, 331, 374, 475, 576, 588, 590]}, {'term': 'urban land', 'freq': 17, 'range': 7, 'score': 24, 'doc_ids': [167, 171, 458, 475, 551, 578, 588]}, {'term': 'overall accuracy', 'freq': 12, 'range': 10, 'score': 22, 'doc_ids': [167, 171, 252, 320, 361, 391, 458, 565, 578, 588]}, {'term': 'urban planning', 'freq': 11, 'range': 10, 'score': 21, 'doc_ids': [11, 167, 171, 230, 320, 331, 391, 458, 497, 551]}, {'term': 'urban area', 'freq': 12, 'range': 9, 'score': 21, 'doc_ids': [72, 252, 374, 515, 551, 569, 576, 578, 588]}, {'term': 'machine learning', 'freq': 10, 'range': 9, 'score': 19, 'doc_ids': [11, 72, 230, 252, 320, 391, 551, 569, 576]}, {'term': 'cover classification', 'freq': 15, 'range': 4, 'score': 19, 'doc_ids': [361, 391, 515, 588]}, {'term': 'classification accuracy', 'freq': 10, 'range': 7, 'score': 17, 'doc_ids': [11, 72, 361, 475, 497, 551, 576]}]"
18,-0.4334374485,33,,"[7, 15, 34, 43, 95, 99, 126, 147, 160, 163, 164, 180, 185, 197, 204, 219, 241, 262, 263, 270, 276, 286, 290, 318, 365, 397, 401, 402, 413, 513, 535, 577, 591]","[{'term': 'address', 'score': 0.0088152235, 'freq': 18, 'cluster_ids': [4, 18, 26], 'plural': 'addresses', 'doc_ids': [15, 160, 219, 263]}, {'term': 'address record', 'score': 0.0070613717, 'freq': 5, 'cluster_ids': [18], 'plural': 'address records', 'doc_ids': [15, 263]}, {'term': 'deprivation', 'score': 0.0057476181, 'freq': 10, 'cluster_ids': [18, 19], 'plural': 'deprivations', 'doc_ids': [318]}, {'term': 'pocket', 'score': 0.0057609336, 'freq': 8, 'cluster_ids': [18], 'plural': 'pockets', 'doc_ids': [318]}, {'term': 'urban poverty', 'score': 0.0098859203, 'freq': 7, 'cluster_ids': [18], 'plural': 'urban poverties', 'doc_ids': [99]}, {'term': 'deprivation pocket', 'score': 0.0098859203, 'freq': 7, 'cluster_ids': [18], 'plural': 'deprivation pockets', 'doc_ids': [318]}, {'term': 'prenatal care', 'score': 0.008473646000000001, 'freq': 6, 'cluster_ids': [18], 'plural': 'prenatal cares', 'doc_ids': [34]}, {'term': 'infill development', 'score': 0.0070613717, 'freq': 5, 'cluster_ids': [18], 'plural': 'infill developments', 'doc_ids': [7]}, {'term': 'similarity analysis', 'score': 0.0070613717, 'freq': 5, 'cluster_ids': [18], 'plural': 'similarity analyses', 'doc_ids': [95]}, {'term': 'architectural color', 'score': 0.0070613717, 'freq': 5, 'cluster_ids': [18], 'plural': 'architectural colors', 'doc_ids': [402]}]","[{'term': 'machine learning', 'freq': 18, 'range': 14, 'score': 32, 'doc_ids': [7, 34, 99, 147, 180, 197, 204, 219, 318, 365, 397, 413, 535, 577]}, {'term': 'urban planning', 'freq': 18, 'range': 14, 'score': 32, 'doc_ids': [15, 43, 99, 164, 180, 204, 241, 263, 276, 286, 318, 365, 535, 591]}, {'term': 'deep learning', 'freq': 9, 'range': 6, 'score': 15, 'doc_ids': [95, 147, 160, 185, 241, 263]}, {'term': 'land use', 'freq': 7, 'range': 4, 'score': 11, 'doc_ids': [34, 241, 413, 513]}, {'term': 'urban environment', 'freq': 7, 'range': 4, 'score': 11, 'doc_ids': [197, 290, 401, 577]}, {'term': 'urban design', 'freq': 5, 'range': 5, 'score': 10, 'doc_ids': [34, 95, 147, 270, 402]}, {'term': 'learning technique', 'freq': 5, 'range': 5, 'score': 10, 'doc_ids': [163, 219, 318, 365, 577]}, {'term': 'urban poverty', 'freq': 7, 'range': 1, 'score': 8, 'doc_ids': [99]}, {'term': 'modern city', 'freq': 5, 'range': 3, 'score': 8, 'doc_ids': [160, 163, 397]}, {'term': 'urban data', 'freq': 5, 'range': 3, 'score': 8, 'doc_ids': [160, 163, 365]}]"
19,0.9650078855,10,,"[65, 91, 122, 136, 140, 323, 339, 470, 480, 484]","[{'term': 'park', 'score': 0.0127633561, 'freq': 12, 'cluster_ids': [2, 19, 20, 24, 30], 'plural': 'parks', 'doc_ids': [339]}, {'term': 'park accessibility', 'score': 0.0323330449, 'freq': 8, 'cluster_ids': [19], 'plural': 'park accessibilities', 'doc_ids': [339]}, {'term': 'life circle', 'score': 0.0282914142, 'freq': 7, 'cluster_ids': [19], 'plural': 'life circles', 'doc_ids': [136]}, {'term': 'spatial justice', 'score': 0.020208153, 'freq': 5, 'cluster_ids': [19], 'plural': 'spatial justices', 'doc_ids': [65]}, {'term': 'housing estate', 'score': 0.020208153, 'freq': 5, 'cluster_ids': [19], 'plural': 'housing estates', 'doc_ids': [91]}, {'term': 'economic mobility', 'score': 0.0161665224, 'freq': 4, 'cluster_ids': [19], 'plural': 'economic mobilities', 'doc_ids': [65]}, {'term': 'estimation model', 'score': 0.0129033246, 'freq': 4, 'cluster_ids': [3, 19], 'plural': 'estimation models', 'doc_ids': [136]}, {'term': 'community life', 'score': 0.0121248918, 'freq': 3, 'cluster_ids': [19], 'plural': 'community lives', 'doc_ids': [136]}, {'term': 'internal structure', 'score': 0.0121248918, 'freq': 3, 'cluster_ids': [19], 'plural': 'internal structures', 'doc_ids': [136]}, {'term': 'behavioral demand', 'score': 0.0121248918, 'freq': 3, 'cluster_ids': [19], 'plural': 'behavioral demands', 'doc_ids': [136]}]","[{'term': 'urban planning', 'freq': 7, 'range': 6, 'score': 13, 'doc_ids': [65, 91, 136, 140, 339, 484]}, {'term': 'machine learning', 'freq': 6, 'range': 6, 'score': 12, 'doc_ids': [65, 91, 122, 136, 323, 339]}, {'term': 'park accessibility', 'freq': 8, 'range': 1, 'score': 9, 'doc_ids': [339]}, {'term': 'life circle', 'freq': 7, 'range': 1, 'score': 8, 'doc_ids': [136]}, {'term': 'spatial justice', 'freq': 5, 'range': 1, 'score': 6, 'doc_ids': [65]}, {'term': 'learning technique', 'freq': 3, 'range': 3, 'score': 6, 'doc_ids': [65, 136, 323]}, {'term': 'housing estate', 'freq': 5, 'range': 1, 'score': 6, 'doc_ids': [91]}, {'term': 'economic mobility', 'freq': 4, 'range': 1, 'score': 5, 'doc_ids': [65]}, {'term': 'estimation model', 'freq': 4, 'range': 1, 'score': 5, 'doc_ids': [136]}, {'term': 'random forest', 'freq': 2, 'range': 2, 'score': 4, 'doc_ids': [65, 140]}]"
20,0.3197707798,16,,"[107, 189, 267, 305, 315, 383, 396, 445, 449, 455, 482, 483, 538, 567, 575, 579]","[{'term': 'block level', 'score': 0.0214259706, 'freq': 9, 'cluster_ids': [1, 20], 'plural': 'block levels', 'doc_ids': [482, 483, 538]}, {'term': 'building block', 'score': 0.014913616900000001, 'freq': 5, 'cluster_ids': [20], 'plural': 'building blocks', 'doc_ids': [482, 538]}, {'term': 'functional zone', 'score': 0.0142839804, 'freq': 6, 'cluster_ids': [6, 20], 'plural': 'functional zones', 'doc_ids': [383]}, {'term': 'geodemographic classification', 'score': 0.011903317, 'freq': 5, 'cluster_ids': [6, 20], 'plural': 'geodemographic classifications', 'doc_ids': [107]}, {'term': 'ecosystem service', 'score': 0.008893017000000001, 'freq': 5, 'cluster_ids': [17, 20, 24, 25], 'plural': 'ecosystem services', 'doc_ids': [449]}, {'term': 'street context', 'score': 0.0119308936, 'freq': 4, 'cluster_ids': [20], 'plural': 'street contexts', 'doc_ids': [315]}, {'term': 'cultural ecosystem', 'score': 0.0119308936, 'freq': 4, 'cluster_ids': [20], 'plural': 'cultural ecosystems', 'doc_ids': [449]}, {'term': 'functional area', 'score': 0.008948170200000001, 'freq': 3, 'cluster_ids': [20], 'plural': 'functional areas', 'doc_ids': [189]}, {'term': 'aesthetic rating', 'score': 0.008948170200000001, 'freq': 3, 'cluster_ids': [20], 'plural': 'aesthetic ratings', 'doc_ids': [455]}, {'term': 'building type', 'score': 0.008948170200000001, 'freq': 3, 'cluster_ids': [20], 'plural': 'building types', 'doc_ids': [567]}]","[{'term': 'urban planning', 'freq': 14, 'range': 11, 'score': 25, 'doc_ids': [107, 189, 267, 305, 315, 383, 449, 455, 482, 538, 567]}, {'term': 'land use', 'freq': 10, 'range': 4, 'score': 14, 'doc_ids': [267, 396, 483, 538]}, {'term': 'block level', 'freq': 9, 'range': 3, 'score': 12, 'doc_ids': [482, 483, 538]}, {'term': 'machine learning', 'freq': 6, 'range': 5, 'score': 11, 'doc_ids': [107, 189, 267, 538, 575]}, {'term': 'view image', 'freq': 6, 'range': 3, 'score': 9, 'doc_ids': [482, 538, 575]}, {'term': 'case study', 'freq': 5, 'range': 3, 'score': 8, 'doc_ids': [267, 383, 538]}, {'term': 'computer vision', 'freq': 4, 'range': 4, 'score': 8, 'doc_ids': [267, 315, 482, 575]}, {'term': 'urban environment', 'freq': 4, 'range': 3, 'score': 7, 'doc_ids': [267, 575, 579]}, {'term': 'functional zone', 'freq': 6, 'range': 1, 'score': 7, 'doc_ids': [383]}, {'term': 'building block', 'freq': 5, 'range': 2, 'score': 7, 'doc_ids': [482, 538]}]"
21,0.8743251776000001,17,,"[10, 62, 102, 178, 201, 228, 338, 371, 379, 421, 431, 453, 454, 495, 500, 512, 520]","[{'term': 'heat', 'score': 0.0130365961, 'freq': 24, 'cluster_ids': [4, 8, 11, 17, 21, 24], 'plural': 'heats', 'doc_ids': [10, 62, 102, 228, 431, 454]}, {'term': 'temperature', 'score': 0.015578019200000001, 'freq': 23, 'cluster_ids': [17, 21, 24, 29], 'plural': 'temperatures', 'doc_ids': [62, 371, 431, 453, 454, 520]}, {'term': 'heat island', 'score': 0.0151801144, 'freq': 12, 'cluster_ids': [11, 17, 21, 24], 'plural': 'heat islands', 'doc_ids': [10, 102, 228, 431, 454]}, {'term': 'urban heat', 'score': 0.013525889400000001, 'freq': 12, 'cluster_ids': [4, 11, 17, 21, 24], 'plural': 'urban heats', 'doc_ids': [10, 102, 228, 431]}, {'term': 'comfort', 'score': 0.0123593656, 'freq': 16, 'cluster_ids': [3, 21, 24], 'plural': 'comforts', 'doc_ids': [62, 201, 520]}, {'term': 'surface temperature', 'score': 0.0144273178, 'freq': 10, 'cluster_ids': [17, 21, 24], 'plural': 'surface temperatures', 'doc_ids': [371, 431, 454]}, {'term': 'thermal comfort', 'score': 0.023705040900000002, 'freq': 14, 'cluster_ids': [21, 24], 'plural': 'thermal comforts', 'doc_ids': [201, 520]}, {'term': 'carbon sequestration', 'score': 0.0169713991, 'freq': 8, 'cluster_ids': [21], 'plural': 'carbon sequestrations', 'doc_ids': [421]}, {'term': 'sequestration potential', 'score': 0.0169713991, 'freq': 8, 'cluster_ids': [21], 'plural': 'sequestration potentials', 'doc_ids': [421]}, {'term': 'food productivity', 'score': 0.014849974200000001, 'freq': 7, 'cluster_ids': [21], 'plural': 'food productivities', 'doc_ids': [421]}]","[{'term': 'urban planning', 'freq': 14, 'range': 11, 'score': 25, 'doc_ids': [10, 62, 102, 228, 379, 421, 431, 495, 500, 512, 520]}, {'term': 'machine learning', 'freq': 12, 'range': 9, 'score': 21, 'doc_ids': [10, 102, 178, 201, 228, 371, 421, 453, 500]}, {'term': 'urban heat', 'freq': 12, 'range': 5, 'score': 17, 'doc_ids': [10, 102, 228, 431, 454]}, {'term': 'heat island', 'freq': 12, 'range': 5, 'score': 17, 'doc_ids': [10, 102, 228, 431, 454]}, {'term': 'thermal comfort', 'freq': 14, 'range': 2, 'score': 16, 'doc_ids': [201, 520]}, {'term': 'urban area', 'freq': 8, 'range': 6, 'score': 14, 'doc_ids': [228, 371, 453, 454, 500, 520]}, {'term': 'surface temperature', 'freq': 10, 'range': 3, 'score': 13, 'doc_ids': [371, 431, 454]}, {'term': 'urban form', 'freq': 8, 'range': 2, 'score': 10, 'doc_ids': [178, 371]}, {'term': 'carbon sequestration', 'freq': 8, 'range': 1, 'score': 9, 'doc_ids': [421]}, {'term': 'sequestration potential', 'freq': 8, 'range': 1, 'score': 9, 'doc_ids': [421]}]"
22,0.8018109242,18,,"[5, 14, 17, 26, 41, 50, 82, 94, 105, 142, 218, 229, 238, 292, 294, 447, 498, 501]","[{'term': 'air', 'score': 0.0108672985, 'freq': 37, 'cluster_ids': [3, 4, 5, 11, 12, 16, 17, 18, 21, 22, 24, 25, 29], 'plural': 'airs', 'doc_ids': [17, 26, 41, 50, 94, 142, 218, 229, 238, 292, 294, 447]}, {'term': 'concentration', 'score': 0.010867781200000001, 'freq': 26, 'cluster_ids': [6, 15, 16, 18, 19, 22, 25, 26, 30], 'plural': 'concentrations', 'doc_ids': [5, 14, 26, 50, 94, 105, 142, 218, 238, 294]}, {'term': 'pollutant concentration', 'score': 0.0121103336, 'freq': 8, 'cluster_ids': [15, 18, 22], 'plural': 'pollutant concentrations', 'doc_ids': [5, 26, 50, 94, 218, 294]}, {'term': 'air pollution', 'score': 0.0077165809000000005, 'freq': 8, 'cluster_ids': [3, 11, 16, 17, 22, 25, 29], 'plural': 'air pollutions', 'doc_ids': [41, 50, 94, 142, 238, 447]}, {'term': 'air quality', 'score': 0.0223543572, 'freq': 21, 'cluster_ids': [4, 5, 12, 21, 22, 29], 'plural': 'air qualities', 'doc_ids': [17, 238, 292, 294, 447]}, {'term': 'health hazard', 'score': 0.0222591298, 'freq': 10, 'cluster_ids': [22], 'plural': 'health hazards', 'doc_ids': [229, 498]}, {'term': 'concentration prediction', 'score': 0.0111295649, 'freq': 5, 'cluster_ids': [22], 'plural': 'concentration predictions', 'doc_ids': [14, 218]}, {'term': 'mode decomposition', 'score': 0.0089036519, 'freq': 4, 'cluster_ids': [22], 'plural': 'mode decompositions', 'doc_ids': [14, 218]}, {'term': 'secondary decomposition', 'score': 0.006677738900000001, 'freq': 3, 'cluster_ids': [22], 'plural': 'secondary decompositions', 'doc_ids': [14, 218]}, {'term': 'noise pollution', 'score': 0.0088830724, 'freq': 5, 'cluster_ids': [4, 22], 'plural': 'noise pollutions', 'doc_ids': [229]}]","[{'term': 'air quality', 'freq': 21, 'range': 5, 'score': 26, 'doc_ids': [17, 238, 292, 294, 447]}, {'term': 'pollutant concentration', 'freq': 8, 'range': 6, 'score': 14, 'doc_ids': [5, 26, 50, 94, 218, 294]}, {'term': 'urban planning', 'freq': 7, 'range': 7, 'score': 14, 'doc_ids': [14, 17, 26, 50, 218, 238, 292]}, {'term': 'air pollution', 'freq': 8, 'range': 6, 'score': 14, 'doc_ids': [41, 50, 94, 142, 238, 447]}, {'term': 'regression model', 'freq': 8, 'range': 4, 'score': 12, 'doc_ids': [26, 105, 238, 292]}, {'term': 'linear regression', 'freq': 6, 'range': 6, 'score': 12, 'doc_ids': [50, 94, 105, 238, 292, 447]}, {'term': 'health hazard', 'freq': 10, 'range': 2, 'score': 12, 'doc_ids': [229, 498]}, {'term': 'urban environment', 'freq': 8, 'range': 3, 'score': 11, 'doc_ids': [5, 41, 447]}, {'term': 'urban form', 'freq': 7, 'range': 2, 'score': 9, 'doc_ids': [41, 50]}, {'term': 'neural network', 'freq': 4, 'range': 4, 'score': 8, 'doc_ids': [5, 94, 142, 498]}]"
23,0.6515042403,12,,"[18, 85, 203, 242, 360, 419, 440, 457, 465, 540, 556, 586]","[{'term': 'smart data', 'score': 0.013476159900000001, 'freq': 3, 'cluster_ids': [23], 'plural': 'smart datas', 'doc_ids': [18]}, {'term': 'building height', 'score': 0.0091648232, 'freq': 3, 'cluster_ids': [16, 23, 24], 'plural': 'building heights', 'doc_ids': [203]}, {'term': 'medium user', 'score': 0.0089841066, 'freq': 2, 'cluster_ids': [23], 'plural': 'medium users', 'doc_ids': [85]}, {'term': 'differential equation', 'score': 0.0089841066, 'freq': 2, 'cluster_ids': [23], 'plural': 'differential equations', 'doc_ids': [85]}, {'term': 'objective function', 'score': 0.0089841066, 'freq': 2, 'cluster_ids': [23], 'plural': 'objective functions', 'doc_ids': [242]}, {'term': 'intervention strategy', 'score': 0.0089841066, 'freq': 2, 'cluster_ids': [23], 'plural': 'intervention strategies', 'doc_ids': [242]}, {'term': 'neurological network', 'score': 0.0089841066, 'freq': 2, 'cluster_ids': [23], 'plural': 'neurological networks', 'doc_ids': [360]}, {'term': 'query engine', 'score': 0.0089841066, 'freq': 2, 'cluster_ids': [23], 'plural': 'query engines', 'doc_ids': [457]}, {'term': 'design recommendation', 'score': 0.0089841066, 'freq': 2, 'cluster_ids': [23], 'plural': 'design recommendations', 'doc_ids': [465]}, {'term': 'city configuration', 'score': 0.0089841066, 'freq': 2, 'cluster_ids': [23], 'plural': 'city configurations', 'doc_ids': [465]}]","[{'term': 'machine learning', 'freq': 8, 'range': 8, 'score': 16, 'doc_ids': [85, 203, 360, 419, 440, 457, 465, 540]}, {'term': 'urban planning', 'freq': 7, 'range': 5, 'score': 12, 'doc_ids': [18, 85, 360, 457, 465]}, {'term': 'big data', 'freq': 8, 'range': 3, 'score': 11, 'doc_ids': [18, 360, 419]}, {'term': 'neural network', 'freq': 6, 'range': 3, 'score': 9, 'doc_ids': [85, 360, 465]}, {'term': 'urban design', 'freq': 4, 'range': 4, 'score': 8, 'doc_ids': [419, 440, 540, 586]}, {'term': 'smart city', 'freq': 5, 'range': 2, 'score': 7, 'doc_ids': [360, 540]}, {'term': 'proceeding contain', 'freq': 3, 'range': 3, 'score': 6, 'doc_ids': [419, 540, 586]}, {'term': 'smart data', 'freq': 3, 'range': 1, 'score': 4, 'doc_ids': [18]}, {'term': 'control system', 'freq': 2, 'range': 2, 'score': 4, 'doc_ids': [85, 586]}, {'term': 'social medium', 'freq': 3, 'range': 1, 'score': 4, 'doc_ids': [85]}]"
24,0.8341693870000001,21,,"[28, 29, 39, 44, 57, 60, 71, 79, 115, 168, 172, 198, 215, 216, 222, 247, 265, 274, 372, 456, 585]","[{'term': 'temperature', 'score': 0.032875188300000004, 'freq': 59, 'cluster_ids': [17, 21, 24, 29], 'plural': 'temperatures', 'doc_ids': [39, 44, 57, 60, 71, 115, 198, 215, 216, 222, 247, 274, 372, 456]}, {'term': 'heat', 'score': 0.012512463900000001, 'freq': 28, 'cluster_ids': [4, 8, 11, 17, 21, 24], 'plural': 'heats', 'doc_ids': [44, 57, 60, 71, 79, 115, 216, 222, 247, 372]}, {'term': 'surface temperature', 'score': 0.0208167935, 'freq': 18, 'cluster_ids': [17, 21, 24], 'plural': 'surface temperatures', 'doc_ids': [44, 57, 60, 71, 115, 216, 247, 274, 372, 456]}, {'term': 'urban heat', 'score': 0.0126493542, 'freq': 14, 'cluster_ids': [4, 11, 17, 21, 24], 'plural': 'urban heats', 'doc_ids': [44, 57, 60, 71, 79, 216, 222, 247]}, {'term': 'heat island', 'score': 0.0131823513, 'freq': 13, 'cluster_ids': [11, 17, 21, 24], 'plural': 'heat islands', 'doc_ids': [44, 57, 60, 71, 79, 115, 222, 247]}, {'term': 'air temperature', 'score': 0.0217164278, 'freq': 16, 'cluster_ids': [21, 24], 'plural': 'air temperatures', 'doc_ids': [39, 198, 215, 216, 222, 456]}, {'term': 'canyon geometry', 'score': 0.0085026322, 'freq': 5, 'cluster_ids': [24], 'plural': 'canyon geometries', 'doc_ids': [29, 60]}, {'term': 'urban vegetation', 'score': 0.0108582139, 'freq': 8, 'cluster_ids': [17, 24], 'plural': 'urban vegetations', 'doc_ids': [372]}, {'term': 'urban park', 'score': 0.0095009372, 'freq': 7, 'cluster_ids': [19, 24], 'plural': 'urban parks', 'doc_ids': [79]}, {'term': 'urban canyon', 'score': 0.0085026322, 'freq': 5, 'cluster_ids': [24], 'plural': 'urban canyons', 'doc_ids': [29]}]","[{'term': 'surface temperature', 'freq': 18, 'range': 11, 'score': 29, 'doc_ids': [44, 57, 60, 71, 115, 216, 222, 247, 274, 372, 456]}, {'term': 'air temperature', 'freq': 16, 'range': 6, 'score': 22, 'doc_ids': [39, 198, 215, 216, 222, 456]}, {'term': 'urban heat', 'freq': 14, 'range': 8, 'score': 22, 'doc_ids': [44, 57, 60, 71, 79, 216, 222, 247]}, {'term': 'heat island', 'freq': 13, 'range': 8, 'score': 21, 'doc_ids': [44, 57, 60, 71, 79, 115, 222, 247]}, {'term': 'land surface', 'freq': 10, 'range': 8, 'score': 18, 'doc_ids': [44, 57, 60, 115, 216, 247, 274, 456]}, {'term': 'urban planning', 'freq': 8, 'range': 8, 'score': 16, 'doc_ids': [39, 57, 60, 71, 79, 172, 215, 456]}, {'term': 'urban area', 'freq': 8, 'range': 7, 'score': 15, 'doc_ids': [57, 60, 115, 168, 216, 274, 585]}, {'term': 'machine learning', 'freq': 7, 'range': 7, 'score': 14, 'doc_ids': [39, 60, 79, 172, 198, 274, 585]}, {'term': 'temperature data', 'freq': 6, 'range': 3, 'score': 9, 'doc_ids': [39, 216, 372]}, {'term': 'urban expansion', 'freq': 7, 'range': 2, 'score': 9, 'doc_ids': [71, 265]}]"
25,0.6157260256,18,,"[19, 24, 45, 123, 181, 195, 214, 223, 227, 255, 335, 350, 366, 406, 508, 521, 596, 597]","[{'term': 'emission', 'score': 0.0061340279, 'freq': 14, 'cluster_ids': [3, 5, 21, 22, 25, 27, 31], 'plural': 'emissions', 'doc_ids': [214, 350, 406]}, {'term': 'carbon emission', 'score': 0.0189946548, 'freq': 12, 'cluster_ids': [21, 25], 'plural': 'carbon emissions', 'doc_ids': [214, 350]}, {'term': 'urban climate', 'score': 0.0067436199, 'freq': 5, 'cluster_ids': [11, 25, 31], 'plural': 'urban climates', 'doc_ids': [223, 406]}, {'term': 'interface network', 'score': 0.013882356200000001, 'freq': 7, 'cluster_ids': [25], 'plural': 'interface networks', 'doc_ids': [227]}, {'term': 'vehicle ownership', 'score': 0.013882356200000001, 'freq': 7, 'cluster_ids': [25], 'plural': 'vehicle ownerships', 'doc_ids': [255]}, {'term': 'traffic noise', 'score': 0.011899162500000001, 'freq': 6, 'cluster_ids': [25], 'plural': 'traffic noises', 'doc_ids': [508]}, {'term': 'express service', 'score': 0.007932775000000001, 'freq': 4, 'cluster_ids': [25], 'plural': 'express services', 'doc_ids': [335]}, {'term': 'form indicator', 'score': 0.006331551600000001, 'freq': 4, 'cluster_ids': [18, 25], 'plural': 'form indicators', 'doc_ids': [508]}, {'term': 'physical asset', 'score': 0.0059495812, 'freq': 3, 'cluster_ids': [25], 'plural': 'physical assets', 'doc_ids': [214]}, {'term': 'network connectivity', 'score': 0.0059495812, 'freq': 3, 'cluster_ids': [25], 'plural': 'network connectivities', 'doc_ids': [227]}]","[{'term': 'urban planning', 'freq': 14, 'range': 12, 'score': 26, 'doc_ids': [19, 24, 123, 181, 214, 223, 227, 255, 350, 508, 521, 596]}, {'term': 'land use', 'freq': 18, 'range': 4, 'score': 22, 'doc_ids': [24, 45, 181, 521]}, {'term': 'machine learning', 'freq': 9, 'range': 7, 'score': 16, 'doc_ids': [24, 214, 227, 255, 350, 406, 508]}, {'term': 'carbon emission', 'freq': 12, 'range': 2, 'score': 14, 'doc_ids': [214, 350]}, {'term': 'urban area', 'freq': 8, 'range': 5, 'score': 13, 'doc_ids': [195, 214, 335, 406, 508]}, {'term': 'big data', 'freq': 7, 'range': 4, 'score': 11, 'doc_ids': [45, 335, 350, 406]}, {'term': 'urban land', 'freq': 7, 'range': 1, 'score': 8, 'doc_ids': [45]}, {'term': 'climate change', 'freq': 5, 'range': 3, 'score': 8, 'doc_ids': [181, 223, 406]}, {'term': 'neural network', 'freq': 5, 'range': 3, 'score': 8, 'doc_ids': [214, 508, 597]}, {'term': 'transportation system', 'freq': 5, 'range': 3, 'score': 8, 'doc_ids': [227, 255, 521]}]"
26,0.9688758878,15,,"[25, 27, 81, 131, 159, 176, 217, 232, 248, 253, 329, 351, 380, 424, 514]","[{'term': 'susceptibility', 'score': 0.039980606700000004, 'freq': 44, 'cluster_ids': [22, 26], 'plural': 'susceptibilities', 'doc_ids': [27, 81, 131, 159, 176, 232, 248, 329, 514]}, {'term': 'landslide', 'score': 0.0341533212, 'freq': 30, 'cluster_ids': [26], 'plural': 'landslides', 'doc_ids': [27, 81, 131, 159, 232, 248, 329, 514]}, {'term': 'landslide susceptibility', 'score': 0.0531898546, 'freq': 26, 'cluster_ids': [26], 'plural': 'landslide susceptibilities', 'doc_ids': [27, 81, 131, 232, 248, 329, 514]}, {'term': 'susceptibility map', 'score': 0.0163661091, 'freq': 8, 'cluster_ids': [26], 'plural': 'susceptibility maps', 'doc_ids': [27, 81, 131, 176, 248, 514]}, {'term': 'susceptibility mapping', 'score': 0.0163661091, 'freq': 8, 'cluster_ids': [26], 'plural': 'susceptibility mappings', 'doc_ids': [131, 159, 176, 248, 329, 514]}, {'term': 'flood', 'score': 0.0114331445, 'freq': 21, 'cluster_ids': [12, 14, 17, 25, 26, 29], 'plural': 'floods', 'doc_ids': [176, 217, 232, 351, 380]}, {'term': 'conditioning factor', 'score': 0.0122745818, 'freq': 6, 'cluster_ids': [26], 'plural': 'conditioning factors', 'doc_ids': [27, 248, 253, 380]}, {'term': 'rockfall hazard', 'score': 0.0122745818, 'freq': 6, 'cluster_ids': [26], 'plural': 'rockfall hazards', 'doc_ids': [253]}, {'term': 'shallow landslide', 'score': 0.0102288182, 'freq': 5, 'cluster_ids': [26], 'plural': 'shallow landslides', 'doc_ids': [131]}, {'term': 'burnt area', 'score': 0.0102288182, 'freq': 5, 'cluster_ids': [26], 'plural': 'burnt areas', 'doc_ids': [232]}]","[{'term': 'landslide susceptibility', 'freq': 26, 'range': 7, 'score': 33, 'doc_ids': [27, 81, 131, 232, 248, 329, 514]}, {'term': 'urban planning', 'freq': 10, 'range': 10, 'score': 20, 'doc_ids': [27, 81, 131, 232, 248, 253, 329, 351, 424, 514]}, {'term': 'susceptibility map', 'freq': 8, 'range': 6, 'score': 14, 'doc_ids': [27, 81, 131, 176, 248, 514]}, {'term': 'susceptibility mapping', 'freq': 8, 'range': 6, 'score': 14, 'doc_ids': [131, 159, 176, 248, 329, 514]}, {'term': 'machine learning', 'freq': 7, 'range': 6, 'score': 13, 'doc_ids': [131, 159, 217, 232, 248, 380]}, {'term': 'urban area', 'freq': 7, 'range': 5, 'score': 12, 'doc_ids': [25, 159, 176, 217, 351]}, {'term': 'conditioning factor', 'freq': 6, 'range': 4, 'score': 10, 'doc_ids': [27, 248, 253, 380]}, {'term': 'study area', 'freq': 6, 'range': 4, 'score': 10, 'doc_ids': [232, 248, 253, 351]}, {'term': 'learning technique', 'freq': 5, 'range': 4, 'score': 9, 'doc_ids': [131, 232, 248, 380]}, {'term': 'climate change', 'freq': 4, 'range': 4, 'score': 8, 'doc_ids': [25, 159, 232, 351]}]"
27,0.3657730719,14,,"[20, 80, 101, 192, 224, 239, 306, 322, 349, 403, 409, 441, 481, 517]","[{'term': 'energy', 'score': 0.0153437181, 'freq': 50, 'cluster_ids': [2, 3, 4, 11, 14, 17, 18, 21, 24, 26, 27, 29, 30, 31], 'plural': 'energies', 'doc_ids': [101, 224, 306, 349, 409, 441, 517]}, {'term': 'energy use', 'score': 0.027919407700000003, 'freq': 12, 'cluster_ids': [27], 'plural': 'energy uses', 'doc_ids': [101, 224, 441, 517]}, {'term': 'electric consumption', 'score': 0.0278548759, 'freq': 15, 'cluster_ids': [13, 27], 'plural': 'electric consumptions', 'doc_ids': [101, 517]}, {'term': 'performance criterion', 'score': 0.0162863211, 'freq': 7, 'cluster_ids': [27], 'plural': 'performance criteria', 'doc_ids': [349, 409]}, {'term': 'consumption data', 'score': 0.0110759486, 'freq': 7, 'cluster_ids': [15, 27, 29], 'plural': 'consumption datas', 'doc_ids': [101, 517]}, {'term': 'multiple performance', 'score': 0.0116330865, 'freq': 5, 'cluster_ids': [27], 'plural': 'multiple performances', 'doc_ids': [349, 409]}, {'term': 'heritage area', 'score': 0.0116330865, 'freq': 5, 'cluster_ids': [27], 'plural': 'heritage areas', 'doc_ids': [20]}, {'term': 'consumption forecasting', 'score': 0.0116330865, 'freq': 5, 'cluster_ids': [27], 'plural': 'consumption forecastings', 'doc_ids': [101]}, {'term': 'occupant behaviour', 'score': 0.0093064692, 'freq': 4, 'cluster_ids': [27], 'plural': 'occupant behaviours', 'doc_ids': [224]}, {'term': 'design parameter', 'score': 0.0093064692, 'freq': 4, 'cluster_ids': [27], 'plural': 'design parameters', 'doc_ids': [349]}]","[{'term': 'electric consumption', 'freq': 15, 'range': 2, 'score': 17, 'doc_ids': [101, 517]}, {'term': 'energy use', 'freq': 12, 'range': 4, 'score': 16, 'doc_ids': [101, 224, 441, 517]}, {'term': 'machine learning', 'freq': 9, 'range': 5, 'score': 14, 'doc_ids': [20, 192, 322, 409, 481]}, {'term': 'urban design', 'freq': 9, 'range': 2, 'score': 11, 'doc_ids': [349, 409]}, {'term': 'urban area', 'freq': 5, 'range': 4, 'score': 9, 'doc_ids': [20, 101, 192, 441]}, {'term': 'energy consumption', 'freq': 6, 'range': 3, 'score': 9, 'doc_ids': [101, 409, 441]}, {'term': 'consumption data', 'freq': 7, 'range': 2, 'score': 9, 'doc_ids': [101, 517]}, {'term': 'performance criterion', 'freq': 7, 'range': 2, 'score': 9, 'doc_ids': [349, 409]}, {'term': 'urban planning', 'freq': 4, 'range': 4, 'score': 8, 'doc_ids': [80, 192, 239, 322]}, {'term': 'energy performance', 'freq': 5, 'range': 3, 'score': 8, 'doc_ids': [349, 409, 441]}]"
28,0.9881237136000001,12,,"[111, 149, 221, 278, 279, 284, 400, 446, 448, 471, 506, 518]","[{'term': 'signal', 'score': 0.026206711400000002, 'freq': 38, 'cluster_ids': [1, 2, 7, 8, 20, 28, 29, 30], 'plural': 'signals', 'doc_ids': [111, 278, 279, 284, 400, 506, 518]}, {'term': 'localization', 'score': 0.0195078845, 'freq': 21, 'cluster_ids': [2, 11, 19, 21, 28], 'plural': 'localizations', 'doc_ids': [149, 446, 448, 518]}, {'term': 'path loss', 'score': 0.0343919887, 'freq': 11, 'cluster_ids': [28], 'plural': 'path losses', 'doc_ids': [221, 284, 471]}, {'term': 'multipath', 'score': 0.0174837244, 'freq': 10, 'cluster_ids': [28], 'plural': 'multipaths', 'doc_ids': [111, 278, 506]}, {'term': 'pseudorange', 'score': 0.0139869795, 'freq': 8, 'cluster_ids': [28], 'plural': 'pseudoranges', 'doc_ids': [111, 279, 400]}, {'term': 'signal reception', 'score': 0.012506177700000001, 'freq': 4, 'cluster_ids': [28], 'plural': 'signal receptions', 'doc_ids': [111, 400]}, {'term': 'multipath detection', 'score': 0.012506177700000001, 'freq': 4, 'cluster_ids': [28], 'plural': 'multipath detections', 'doc_ids': [278, 506]}, {'term': 'direct signal', 'score': 0.012506177700000001, 'freq': 4, 'cluster_ids': [28], 'plural': 'direct signals', 'doc_ids': [278, 506]}, {'term': 'signal correlation', 'score': 0.012506177700000001, 'freq': 4, 'cluster_ids': [28], 'plural': 'signal correlations', 'doc_ids': [278, 506]}, {'term': 'level observation', 'score': 0.012506177700000001, 'freq': 4, 'cluster_ids': [28], 'plural': 'level observations', 'doc_ids': [279]}]","[{'term': 'urban environment', 'freq': 23, 'range': 11, 'score': 34, 'doc_ids': [111, 149, 221, 278, 279, 284, 400, 448, 471, 506, 518]}, {'term': 'nlos signal', 'freq': 10, 'range': 4, 'score': 14, 'doc_ids': [111, 278, 279, 506]}, {'term': 'path loss', 'freq': 11, 'range': 3, 'score': 14, 'doc_ids': [221, 284, 471]}, {'term': 'machine learning', 'freq': 7, 'range': 6, 'score': 13, 'doc_ids': [111, 279, 446, 448, 471, 506]}, {'term': 'neural network', 'freq': 5, 'range': 3, 'score': 8, 'doc_ids': [149, 278, 448]}, {'term': 'nlos multipath', 'freq': 6, 'range': 2, 'score': 8, 'doc_ids': [278, 506]}, {'term': 'rf signature', 'freq': 7, 'range': 1, 'score': 8, 'doc_ids': [446]}, {'term': 'gnss positioning', 'freq': 4, 'range': 3, 'score': 7, 'doc_ids': [278, 279, 506]}, {'term': 'gnss signal', 'freq': 4, 'range': 3, 'score': 7, 'doc_ids': [278, 279, 506]}, {'term': 'signal reception', 'freq': 4, 'range': 2, 'score': 6, 'doc_ids': [111, 400]}]"
29,-0.1418404986,34,,"[1, 12, 21, 33, 36, 53, 56, 58, 61, 64, 68, 88, 109, 112, 121, 148, 150, 166, 173, 199, 205, 246, 250, 332, 369, 386, 399, 414, 558, 564, 566, 568, 580, 581]","[{'term': 'player', 'score': 0.0069527352, 'freq': 10, 'cluster_ids': [29], 'plural': 'players', 'doc_ids': [566, 580, 581]}, {'term': 'crime', 'score': 0.0071305661, 'freq': 26, 'cluster_ids': [1, 5, 7, 8, 11, 25, 29, 30], 'plural': 'crimes', 'doc_ids': [1, 369]}, {'term': 'mosquito', 'score': 0.0069527352, 'freq': 10, 'cluster_ids': [29], 'plural': 'mosquitoes', 'doc_ids': [56, 121]}, {'term': 'densification', 'score': 0.0076480087, 'freq': 11, 'cluster_ids': [29], 'plural': 'densifications', 'doc_ids': [68]}, {'term': 'violent crime', 'score': 0.013557833600000001, 'freq': 10, 'cluster_ids': [29], 'plural': 'violent crimes', 'doc_ids': [1]}, {'term': 'property crime', 'score': 0.013557833600000001, 'freq': 10, 'cluster_ids': [29], 'plural': 'property crimes', 'doc_ids': [1]}, {'term': 'total population', 'score': 0.0122020502, 'freq': 9, 'cluster_ids': [29], 'plural': 'total populations', 'doc_ids': [1]}, {'term': 'ethnic heterogeneity', 'score': 0.0108462669, 'freq': 8, 'cluster_ids': [29], 'plural': 'ethnic heterogeneities', 'doc_ids': [1]}, {'term': 'spatial lag', 'score': 0.0108462669, 'freq': 8, 'cluster_ids': [29], 'plural': 'spatial lags', 'doc_ids': [1]}, {'term': 'residential stability', 'score': 0.0067789168000000006, 'freq': 5, 'cluster_ids': [29], 'plural': 'residential stabilities', 'doc_ids': [1]}]","[{'term': 'urban environment', 'freq': 20, 'range': 10, 'score': 30, 'doc_ids': [12, 33, 53, 58, 121, 246, 386, 399, 558, 564]}, {'term': 'machine learning', 'freq': 16, 'range': 13, 'score': 29, 'doc_ids': [21, 33, 36, 53, 58, 112, 121, 199, 205, 332, 386, 564, 580]}, {'term': 'urban planning', 'freq': 16, 'range': 12, 'score': 28, 'doc_ids': [1, 21, 88, 148, 166, 250, 332, 414, 566, 568, 580, 581]}, {'term': 'violent crime', 'freq': 10, 'range': 1, 'score': 11, 'doc_ids': [1]}, {'term': 'property crime', 'freq': 10, 'range': 1, 'score': 11, 'doc_ids': [1]}, {'term': 'total population', 'freq': 9, 'range': 1, 'score': 10, 'doc_ids': [1]}, {'term': 'learning technique', 'freq': 5, 'range': 5, 'score': 10, 'doc_ids': [58, 121, 386, 564, 580]}, {'term': 'ethnic heterogeneity', 'freq': 8, 'range': 1, 'score': 9, 'doc_ids': [1]}, {'term': 'spatial lag', 'freq': 8, 'range': 1, 'score': 9, 'doc_ids': [1]}, {'term': 'smart city', 'freq': 7, 'range': 2, 'score': 9, 'doc_ids': [61, 150]}]"
30,-0.0044508176,20,,"[47, 67, 75, 76, 98, 103, 143, 151, 152, 174, 297, 354, 377, 381, 385, 390, 487, 532, 541, 583]","[{'term': 'crime', 'score': 0.013294275900000001, 'freq': 28, 'cluster_ids': [1, 5, 7, 8, 11, 25, 29, 30], 'plural': 'crimes', 'doc_ids': [47, 67, 487]}, {'term': 'urban governance', 'score': 0.006318913000000001, 'freq': 5, 'cluster_ids': [1, 4, 22, 29, 30], 'plural': 'urban governances', 'doc_ids': [151, 152]}, {'term': 'urban technology', 'score': 0.0075938226, 'freq': 4, 'cluster_ids': [29, 30], 'plural': 'urban technologies', 'doc_ids': [151, 152]}, {'term': 'fall', 'score': 0.0072220905, 'freq': 6, 'cluster_ids': [30], 'plural': 'falls', 'doc_ids': [541]}, {'term': 'tender', 'score': 0.0060184088000000005, 'freq': 5, 'cluster_ids': [30], 'plural': 'tenders', 'doc_ids': [377]}, {'term': 'crime pattern', 'score': 0.0095142692, 'freq': 4, 'cluster_ids': [30], 'plural': 'crime patterns', 'doc_ids': [67]}, {'term': 'public consultation', 'score': 0.0095142692, 'freq': 4, 'cluster_ids': [30], 'plural': 'public consultations', 'doc_ids': [75]}, {'term': 'crime distribution', 'score': 0.0071357019, 'freq': 3, 'cluster_ids': [30], 'plural': 'crime distributions', 'doc_ids': [47]}, {'term': 'concentration area', 'score': 0.0071357019, 'freq': 3, 'cluster_ids': [30], 'plural': 'concentration areas', 'doc_ids': [47]}, {'term': 'tender procedure', 'score': 0.0071357019, 'freq': 3, 'cluster_ids': [30], 'plural': 'tender procedures', 'doc_ids': [377]}]","[{'term': 'smart city', 'freq': 13, 'range': 5, 'score': 18, 'doc_ids': [76, 151, 152, 297, 532]}, {'term': 'machine learning', 'freq': 9, 'range': 8, 'score': 17, 'doc_ids': [47, 67, 103, 354, 377, 381, 532, 583]}, {'term': 'neural network', 'freq': 9, 'range': 5, 'score': 14, 'doc_ids': [47, 98, 377, 385, 390]}, {'term': 'urban planning', 'freq': 7, 'range': 7, 'score': 14, 'doc_ids': [75, 76, 143, 297, 354, 385, 583]}, {'term': 'urban environment', 'freq': 7, 'range': 3, 'score': 10, 'doc_ids': [67, 98, 381]}, {'term': 'learning technique', 'freq': 5, 'range': 3, 'score': 8, 'doc_ids': [381, 390, 583]}, {'term': 'urban governance', 'freq': 5, 'range': 2, 'score': 7, 'doc_ids': [151, 152]}, {'term': 'urban technology', 'freq': 4, 'range': 2, 'score': 6, 'doc_ids': [151, 152]}, {'term': 'big data', 'freq': 4, 'range': 2, 'score': 6, 'doc_ids': [152, 297]}, {'term': 'deep learning', 'freq': 3, 'range': 3, 'score': 6, 'doc_ids': [152, 297, 354]}]"
31,0.2626563342,13,,"[40, 54, 70, 108, 132, 179, 207, 266, 275, 308, 357, 408, 442]","[{'term': 'energy', 'score': 0.010866919000000001, 'freq': 26, 'cluster_ids': [2, 3, 4, 11, 14, 17, 18, 21, 24, 26, 27, 29, 30, 31], 'plural': 'energies', 'doc_ids': [40, 70, 207, 308, 442]}, {'term': 'building energy', 'score': 0.0169241474, 'freq': 6, 'cluster_ids': [27, 31], 'plural': 'building energies', 'doc_ids': [40, 207]}, {'term': 'energy demand', 'score': 0.0084294, 'freq': 4, 'cluster_ids': [17, 21, 27, 31], 'plural': 'energy demands', 'doc_ids': [40, 308]}, {'term': 'urban modeling', 'score': 0.017670162200000002, 'freq': 5, 'cluster_ids': [31], 'plural': 'urban modelings', 'doc_ids': [357]}, {'term': 'modeling technique', 'score': 0.010536750000000001, 'freq': 5, 'cluster_ids': [13, 25, 27, 31], 'plural': 'modeling techniques', 'doc_ids': [357]}, {'term': 'urban model', 'score': 0.014136129800000001, 'freq': 4, 'cluster_ids': [31], 'plural': 'urban models', 'doc_ids': [357]}, {'term': 'load prediction', 'score': 0.014136129800000001, 'freq': 4, 'cluster_ids': [31], 'plural': 'load predictions', 'doc_ids': [442]}, {'term': 'feature parameter', 'score': 0.0106020973, 'freq': 3, 'cluster_ids': [31], 'plural': 'feature parameters', 'doc_ids': [54]}, {'term': 'electrical load', 'score': 0.0106020973, 'freq': 3, 'cluster_ids': [31], 'plural': 'electrical loads', 'doc_ids': [442]}, {'term': 'load forecasting', 'score': 0.0084620737, 'freq': 3, 'cluster_ids': [27, 31], 'plural': 'load forecastings', 'doc_ids': [442]}]","[{'term': 'machine learning', 'freq': 9, 'range': 6, 'score': 15, 'doc_ids': [54, 108, 132, 179, 266, 308]}, {'term': 'building energy', 'freq': 6, 'range': 3, 'score': 9, 'doc_ids': [40, 207, 308]}, {'term': 'neural network', 'freq': 7, 'range': 2, 'score': 9, 'doc_ids': [54, 108]}, {'term': 'urban area', 'freq': 5, 'range': 3, 'score': 8, 'doc_ids': [40, 108, 442]}, {'term': 'smart city', 'freq': 6, 'range': 2, 'score': 8, 'doc_ids': [70, 308]}, {'term': 'urban planning', 'freq': 4, 'range': 4, 'score': 8, 'doc_ids': [108, 266, 308, 408]}, {'term': 'urban environment', 'freq': 6, 'range': 2, 'score': 8, 'doc_ids': [275, 357]}, {'term': 'energy consumption', 'freq': 4, 'range': 3, 'score': 7, 'doc_ids': [70, 207, 308]}, {'term': 'energy demand', 'freq': 4, 'range': 2, 'score': 6, 'doc_ids': [40, 308]}, {'term': 'urban study', 'freq': 3, 'range': 3, 'score': 6, 'doc_ids': [70, 108, 132]}]"
