Cluster,Num Docs,Percent,DocId,LDATopics#0,LDATopics#1,LDATopics#2,LDATopics#3,LDATopics#4,LDATopics#5,LDATopics#6,LDATopics#7,LDATopics#8,LDATopics#9
-1,34,0.086,"[1, 4, 11, 13, 17, 18, 27, 29, 32, 39, 49, 56, 60, 61, 73, 78, 83, 84, 92, 105, 110, 125, 135, 137, 146, 153, 157, 161, 194, 228, 235, 283, 289, 382]","['year', 'fever', 'typhoid fever', 'child', 'age', 'study', 'incidence', 'case', 'typhoid', 'people']","['place', 'street', 'people', 'work', 'city', 'group', 'activity', 'culture', 'space', 'public space']","['immigrant', 'location', 'culture', 'area', 'space', 'youth', 'role', 'people', 'green space', 'choice']","['planning', 'new town', 'town', 'city', 'study', 'architecture', 'housing', 'case study', 'impact', 'culture']","['event', 'festival', 'tourism', 'study', 'development', 'research', 'beauty', 'people', 'activity', 'literature']","['people', 'case', 'simulation', 'norm', 'social norm', 'traffic', 'coordination', 'voice', 'context', 'interaction']","['car', 'water', 'life', 'society', 'practice', 'policy', 'people', 'city', 'social life', 'line']","['city', 'coordination', 'organisation', 'culture', 'people', 'mechanism', 'policy', 'study', 'mode', 'politics']","['mobility', 'people', 'paper', 'young people', 'group', 'planning', 'adult', 'politics', 'pub', 'culture']","['construction', 'theory', 'implementation', 'barrier', 'Lean implementation', 'regime', 'regime theory', 'study', 'project', 'city']"
0,39,0.099,"[14, 20, 43, 54, 66, 86, 94, 98, 109, 113, 123, 124, 128, 131, 133, 141, 142, 154, 155, 165, 166, 167, 171, 175, 176, 190, 191, 192, 193, 213, 218, 280, 286, 292, 315, 321, 327, 337, 368]","['art', 'public art', 'study', 'practice', 'artist', 'contribution', 'place', 'urban study', 'understanding', 'sociology']","['city', 'people', 'culture', 'planning', 'policy', 'place', 'space', 'project', 'process', 'book']","['movement', 'space', 'people', 'politics', 'symbol', 'cosmopolitanism', 'city', 'history', 'culture', 'meaning']","['city', 'tourism', 'development', 'area', 'community', 'downtown', 'activity', 'tourist', 'space', 'people']","['culture', 'city', 'identity', 'people', 'festival', 'practice', 'community', 'space', 'wellbeing', 'urban space']","['people', 'community', 'culture', 'place', 'young people', 'city', 'art', 'diversity', 'music', 'activity']","['nationalism', 'city', 'space', 'downtown', 'capital', 'people', 'nation', 'place', 'process', 'history']","['hop', 'hip hop', 'hip', 'study', 'work', 'politics', 'culture', 'people', 'globalization', 'music']","['city', 'subway', 'poverty', 'study', 'tourist', 'question', 'book', 'role', 'migration', 'context']","['space', 'opening', 'city', 'actor', 'urban space', 'practice', 'paper', 'turn', 'uncertainty', 'violence']"
1,29,0.074,"[68, 91, 103, 121, 129, 201, 205, 226, 238, 244, 264, 268, 269, 294, 298, 302, 319, 324, 330, 344, 347, 349, 350, 361, 362, 365, 371, 384, 395]","['city', 'space', 'environment', 'place', 'value', 'result', 'people', 'culture', 'study', 'analysis']","['project', 'study', 'development', 'new development', 'part', 'pattern', 'approach', 'culture', 'site', 'transformation']","['city', 'identity', 'factor', 'city identity', 'research', 'development', 'hybridization', 'process', 'space', 'perspective']","['change', 'architecture', 'culture', 'way', 'building', 'people', 'life', 'heritage', 'planning', 'material']","['people', 'care', 'society', 'older people', 'life', 'medical care', 'community', 'development', 'culture', 'time']","['space', 'design', 'architecture', 'building', 'urban design', 'study', 'culture', 'corridor', 'process', 'tradition']","['city', 'transformation', 'culture', 'value', 'space', 'architecture', 'urban transformation', 'people', 'market', 'community']","['market', 'place', 'marketplace', 'sense', 'modernization', 'people', 'city', 'paper', 'heritage', 'cultural heritage']","['street', 'city', 'area', 'study', 'identity', 'change', 'period', 'community', 'stone', 'form']","['work', 'book', 'architecture', 'urban planning', 'swine', 'territory', 'storage', 'store food', 'strong adaption', 'studied region']"
2,18,0.046,"[106, 118, 210, 214, 252, 253, 256, 259, 273, 276, 354, 359, 360, 364, 366, 376, 378, 391]","['background', 'attempt', 'consequence', 'climate zone', 'climate', 'city urban environment', 'city issue', 'disease', 'Urban concept', 'Tripoli city']","['background', 'attempt', 'consequence', 'climate zone', 'climate', 'city urban environment', 'city issue', 'disease', 'Urban concept', 'Tripoli city']","['environment', 'traffic', 'management', 'urban traffic', 'environmental management', 'improvement', 'urban environment', 'pollution', 'culture', 'people']","['axis', 'urban space', 'space', 'urban space axis', 'space axis', 'development', 'planner', 'architect', 'issue', 'region']","['city', 'scenery', 'natural scenery', 'scenery city', 'construction', 'natural scenery city', 'people', 'problem', 'development', 'resort']","['development', 'planning', 'economy', 'urban planning', 'perspective', 'city', 'urbanization', 'people', 'nature', 'evolution']","['activity', 'research', 'space', 'functionality', 'city', 'change', 'culture', 'district', 'urban development', 'methodology']","['city', 'area', 'design', 'culture', 'protection', 'environment', 'people', 'space', 'concept', 'method']","['environment', 'city', 'evaluation', 'index', 'data', 'livable city', 'residential environment', 'paper', 'quality', 'part']","['blight', 'urban blight', 'people', 'risk', 'indicator', 'resilience', 'identification', 'space', 'system', 'public space']"
3,18,0.046,"[15, 22, 24, 33, 48, 59, 79, 81, 96, 149, 184, 200, 211, 223, 281, 339, 342, 377]","['knowledge', 'spillover', 'entrepreneurship', 'knowledge spillover', 'economic development', 'development', 'literature', 'mechanism', 'factor', 'nature']","['city', 'place', 'culture', 'product', 'experience', 'regeneration', 'creativity', 'quality', 'people', 'process']","['Capital', 'chance', 'business', 'center', 'geography', 'European Capital', 'project', 'heritage', 'growth', 'Culture project']","['place', 'culture', 'paper', 'branding', 'place branding', 'practice', 'art', 'framework', 'people', 'study']","['art', 'community', 'development', 'research', 'economic development', 'participation', 'cultural participation', 'place', 'sector', 'policy']","['city', 'paper', 'process', 'economy', 'analysis', 'place', 'production', 'approach', 'cultural production', 'implication']","['development', 'culture', 'art', 'economic development', 'cluster', 'producer', 'regeneration', 'people', 'creative cluster', 'design']","['planning', 'culture', 'city', 'development', 'town', 'regeneration', 'placemaking', 'art', 'part', 'notion']","['city', 'design', 'innovative itinerary', 'interpretation', 'internet research', 'internet', 'integral part', 'intangible element', 'itinerary', 'increasing importance']","['producer', 'career', 'development', 'culture', 'production', 'art', 'economic development', 'innovative itinerary', 'integral part', 'increasing importance']"
4,18,0.046,"[71, 75, 160, 172, 215, 239, 242, 284, 296, 297, 301, 303, 311, 313, 314, 345, 385, 394]","['main city', 'large number', 'monasticism', 'monastic production', 'monastic order', 'medium sized city', 'manage', 'major contribution', 'morality', 'key']","['building', 'bank', 'office', 'branch office', 'branch', 'part', 'period', 'institution', 'office building', 'territory']","['city', 'monasticism', 'continent', 'identity', 'construction', 'border', 'Ã‰cija', 'time', 'appearance', 'contribution']","['war', 'quality', 'city', 'experience', 'beauty', 'cosmopolitan city', 'violence', 'tragedy', 'Seven day', 'beautiful cosmopolitan city']","['town', 'small town', 'city', 'development', 'process', 'number', 'resident', 'area', 'condition', 'change']","['theatre', 'culture', 'world', 'nature', 'project', 'way', 'symbol', 'nation', 'man', 'village']","['place', 'building', 'music', 'city', 'space', 'people', 'culture', 'architecture', 'author', 'image']","['city', 'church', 'study', 'people', 'culture', 'model', 'development', 'need', 'object', 'structure']","['city', 'identity', 'space', 'heritage', 'memory', 'culture', 'meaning', 'earthquake', 'article', 'people']","['culture', 'empire', 'study', 'religion', 'area', 'identity', 'culture study', 'Russian empire', 'analysis', 'article']"
5,6,0.015,"[173, 185, 232, 285, 329, 348]","['impact', 'history', 'original concept', 'number', 'motivation', 'model', 'military compulsion', 'many city', 'local contexts', 'indirect impact']","['impact', 'history', 'original concept', 'number', 'motivation', 'model', 'military compulsion', 'many city', 'local contexts', 'indirect impact']","['impact', 'history', 'original concept', 'number', 'motivation', 'model', 'military compulsion', 'many city', 'local contexts', 'indirect impact']","['planning', 'city', 'local contexts', 'impact', 'original concept', 'number', 'motivation', 'model', 'military compulsion', 'many city']","['city', 'Indian city', 'space', 'governance', 'development policy', 'economic liberalisation', 'liberalisation', 'growth', 'policy', 'development']","['culture', 'planning', 'urban planning', 'informality', 'development', 'influence', 'research', 'understanding', 'relationship', 'value']","['survey', 'study', 'space', 'people', 'urban space', 'method', 'architect', 'idea', 'research', 'urban study']","['city', 'planning', 'policy', 'elasticity', 'challenge', 'hence', 'governance', 'contestation', 'transformation', 'year']","['city', 'growth', 'development policy', 'planning', 'space', 'governance', 'economic liberalisation', 'development', 'policy', 'Indian city']","['city', 'model', 'urban planning model', 'planning model', 'plan', 'series', 'world', 'conglomeration', 'dystopian city', 'essay']"
6,29,0.074,"[76, 82, 90, 122, 179, 222, 243, 246, 261, 270, 272, 279, 288, 295, 299, 312, 318, 326, 336, 338, 340, 343, 346, 352, 355, 358, 370, 375, 388]","['central region', 'chemical', 'cement', 'cement concrete', 'cement matrix', 'cement soil', 'central city', 'care', 'ceramic tile', 'chloride ion']","['central region', 'chemical', 'cement', 'cement concrete', 'cement matrix', 'cement soil', 'central city', 'care', 'ceramic tile', 'chloride ion']","['bathroom', 'small bathroom', 'solution', 'design', 'universal design', 'space', 'product', 'room', 'principle', 'study']","['city', 'space', 'design', 'architecture', 'culture', 'development', 'building', 'public space', 'people', 'research']","['space', 'people', 'climate', 'role', 'criterion', 'method', 'quality', 'open space', 'urban space', 'design']","['space', 'people', 'climate', 'design', 'urban space', 'behavior', 'factor', 'city', 'role', 'method']","['study', 'design', 'research', 'space', 'building', 'concrete', 'property', 'system', 'environment', 'region']","['space', 'open space', 'design', 'public open space', 'society', 'people', 'process', 'aspect', 'life', 'city']","['city', 'land', 'area', 'value', 'people', 'design', 'need', 'culture', 'life', 'land value']","['people', 'city', 'life', 'art', 'signage', 'design', 'environment', 'culture', 'planning', 'health']"
7,24,0.061,"[37, 42, 55, 70, 119, 139, 145, 158, 168, 178, 189, 196, 207, 230, 241, 247, 255, 266, 277, 322, 323, 331, 356, 390]","['decision maker', 'developed vehicle', 'coefficient', 'composition', 'daily travel', 'choice', 'detached housing', 'efficiency', 'different urban area', 'characteristic']","['decision maker', 'developed vehicle', 'coefficient', 'composition', 'daily travel', 'choice', 'detached housing', 'efficiency', 'different urban area', 'characteristic']","['decision maker', 'developed vehicle', 'coefficient', 'composition', 'daily travel', 'choice', 'detached housing', 'efficiency', 'different urban area', 'characteristic']","['city', 'environment', 'place', 'paper', 'development', 'life', 'strategy', 'mobility', 'people', 'planning']","['rail', 'environment', 'corridor', 'urban environment', 'technology', 'culture', 'transit', 'system', 'station', 'rail system']","['space', 'design', 'neighborhood', 'concept', 'capital', 'social capital', 'neighborhood design', 'research', 'study', 'public space']","['city', 'culture', 'smart city', 'space', 'living', 'area', 'people', 'street', 'problem', 'world']","['factor', 'study', 'transport', 'road', 'mobility', 'street', 'infrastructure', 'development', 'level', 'implementation']","['vehicle', 'model', 'transportation', 'service', 'type', 'household', 'use', 'effect', 'study', 'case']","['development', 'settlement', 'city', 'country', 'concept', 'condition', 'size', 'pattern', 'medium size city', 'size city']"
8,15,0.038,"[2, 3, 8, 9, 12, 40, 53, 58, 63, 87, 95, 180, 203, 250, 310]","['treasure', 'toward old masonry', 'urban asset', 'understanding public perception', 'tree denoting synergy', 'tree', 'urban tree', 'stronger commitment', 'synergy', 'worth preserving']","['open space', 'study', 'public space', 'square', 'social interaction', 'design', 'public open space', 'context', 'community', 'space']","['space', 'open space', 'utilisation', 'city', 'culture', 'level', 'context', 'value', 'resident', 'property']","['dimension', 'people', 'stress', 'health', 'city', 'environment', 'green space', 'prefer', 'dimension people', 'space']","['environment', 'role', 'nature', 'design', 'community', 'contact', 'group', 'study', 'need', 'setting']","['landscape', 'nature', 'type', 'people', 'preference', 'image', 'landscape type', 'relationship', 'respondent', 'force']","['landscape', 'perception', 'people', 'space', 'symbol', 'specie', 'plant', 'user', 'preference', 'city']","['square', 'space', 'tree', 'study', 'community', 'people', 'context', 'interaction', 'public open space', 'social interaction']","['landscape', 'space', 'green space', 'dimension', 'study', 'service', 'concept', 'sensory dimension', 'people', 'research']","['health', 'brain', 'toward old masonry', 'urban asset', 'understanding public perception', 'tree denoting synergy', 'tree', 'urban tree', 'suburb', 'tenure']"
9,8,0.02,"[5, 30, 47, 174, 208, 209, 262, 351]","['social aspect', 'soundscape analysis', 'room', 'several factor', 'several soundscape', 'several soundscape evaluation', 'simplicity', 'required data', 'sound source', 'soundscape evaluation']","['social aspect', 'soundscape analysis', 'room', 'several factor', 'several soundscape', 'several soundscape evaluation', 'simplicity', 'required data', 'sound source', 'soundscape evaluation']","['social aspect', 'soundscape analysis', 'room', 'several factor', 'several soundscape', 'several soundscape evaluation', 'simplicity', 'required data', 'sound source', 'soundscape evaluation']","['noise', 'road traffic', 'traffic', 'road', 'difference', 'response', 'house', 'traffic noise', 'road traffic noise', 'activity']","['design', 'environment', 'built environment', 'hearing', 'le', 'paper', 'perspective', 'profi le', 'sound', 'diversity']","['research', 'environment', 'question', 'science', 'soundscape', 'approach', 'soundscapes', 'built environment', 'management', 'aim']","['city', 'place', 'comfort', 'outdoor place', 'culture', 'background', 'need', 'people', 'quality', 'et al']","['environment', 'soundscape', 'system', 'sound', 'people', 'method', 'design', 'aspect', 'acoustic environment', 'data']","['city', 'order', 'design', 'culture', 'comfort', 'space', 'built environment', 'outdoor place', 'environment', 'place']","['space', 'people', 'city', 'noise', 'effect', 'behaviour', 'city noise', 'activity', 'thermal comfort', 'urban space']"
10,16,0.041,"[10, 51, 62, 74, 101, 127, 136, 140, 164, 199, 220, 221, 309, 317, 367, 383]","['right', 'property', 'planning', 'property right', 'value', 'right value', 'property right value', 'development', 'landscape', 'landscape planning']","['region', 'economy', 'development', 'practice', 'practitioner', 'book', 'researcher', 'teacher', 'interest', 'work']","['risk', 'culture', 'research', 'place', 'community', 'perception', 'study', 'amplification', 'case', 'case study']","['people', 'heart', 'framework', 'reconciliation', 'architecture', 'Aboriginal community', 'research', 'scheme', 'method', 'pedersen']","['risk', 'management', 'planning', 'landscape', 'value', 'city', 'conservation', 'wildfire risk', 'wildfire', 'vegetation']","['place', 'culture', 'people', 'life', 'city', 'practice', 'paper', 'community', 'relationship', 'environment']","['design', 'culture', 'people', 'consultation', 'building', 'family', 'housing', 'community', 'theme', 'tradition']","['culture', 'death', 'study', 'good death', 'city', 'area', 'people', 'article', 'renewal', 'vision']","['truth', 'transformative urban design', 'attenuation', 'Explaining resident', 'urban inhabitant', 'urban design', 'community context', 'settler mainstream', 'tokenism', 'conservative religious community']","['truth', 'transformative urban design', 'attenuation', 'Explaining resident', 'urban inhabitant', 'urban design', 'community context', 'settler mainstream', 'tokenism', 'conservative religious community']"
11,12,0.03,"[77, 144, 170, 224, 229, 265, 267, 282, 291, 320, 374, 379]","['conglomerate', 'contemporary urbanism', 'central concern', 'change', 'changing role', 'characteristic', 'city possess', 'city whereas', 'complex system', 'concept']","['conglomerate', 'contemporary urbanism', 'central concern', 'change', 'changing role', 'characteristic', 'city possess', 'city whereas', 'complex system', 'concept']","['conglomerate', 'contemporary urbanism', 'central concern', 'change', 'changing role', 'characteristic', 'city possess', 'city whereas', 'complex system', 'concept']","['city', 'place', 'people', 'element', 'neighbourhood', 'time', 'event', 'activity', 'Indian city', 'urban design']","['city', 'space', 'settlement', 'heritage', 'rehabilitation', 'flood', 'paper', 'approach', 'planning', 'architecture']","['environment', 'resource', 'life', 'author', 'settlement', 'space', 'idea', 'planner', 'living environment', 'human settlement']","['space', 'city', 'identity', 'urban space', 'festival', 'analysis', 'activity', 'concept', 'change', 'aspect']","['development', 'area', 'people', 'core', 'study', 'urban governance', 'governance', 'periphery', 'perception', 'land']","['nomad', 'people', 'environment', 'condition', 'government', 'building', 'culture', 'life', 'town', 'way']","['citizenship', 'urban sprawl', 'sprawl', 'concept', 'research', 'urbanization', 'culture', 'people', 'urbanism', 'education']"
12,7,0.018,"[25, 38, 114, 152, 177, 389, 392]","['family', 'finding', 'de velopment', 'developer', 'dimension', 'district', 'ethnic group', 'ethnic origin', 'every member', 'cultural contact']","['family', 'finding', 'de velopment', 'developer', 'dimension', 'district', 'ethnic group', 'ethnic origin', 'every member', 'cultural contact']","['family', 'finding', 'de velopment', 'developer', 'dimension', 'district', 'ethnic group', 'ethnic origin', 'every member', 'cultural contact']","['urban development', 'form', 'development', 'district', 'ethnic origin', 'ethnic group', 'family', 'finding', 'dimension', 'developer']","['water', 'plan', 'management', 'people', 'development', 'population', 'country', 'participation', 'paper', 'cost']","['housing', 'people', 'pattern', 'society', 'originality', 'development', 'form', 'role', 'ethnic origin', 'district']","['housing', 'people', 'form', 'society', 'pattern', 'house', 'paper', 'role', 'quality', 'study']","['adaptation', 'slum', 'community', 'governance', 'change', 'strategy', 'city', 'settlement', 'level', 'planning']","['development', 'influence', 'fabric', 'slum', 'area', 'region', 'city', 'governance', 'paper', 'hinterland']","['development', 'area', 'form', 'urban development', 'influence', 'attitude', 'region', 'urban form', 'service', 'authority']"
13,8,0.02,"[7, 41, 102, 115, 120, 138, 188, 363]","['explore youth engagement', 'game', 'development', 'emancipated actor', 'engaging child', 'engaging young people', 'design workshop', 'future city', 'geogame environment', 'game support child']","['explore youth engagement', 'game', 'development', 'emancipated actor', 'engaging child', 'engaging young people', 'design workshop', 'future city', 'geogame environment', 'game support child']","['explore youth engagement', 'game', 'development', 'emancipated actor', 'engaging child', 'engaging young people', 'design workshop', 'future city', 'geogame environment', 'game support child']","['explore youth engagement', 'game', 'development', 'emancipated actor', 'engaging child', 'engaging young people', 'design workshop', 'future city', 'geogame environment', 'game support child']","['food', 'design', 'culture', 'sustainable food', 'sustainable food culture', 'food culture', 'perspective', 'framework', 'paper', 'technology']","['child', 'planning', 'urban planning', 'game', 'environment', 'tool', 'potential', 'actor', 'people', 'engagement']","['design', 'studio', 'student', 'author', 'design studio', 'knowledge', 'city', 'use', 'work', 'virtual design studio']","['culture', 'environment', 'participation', 'people', 'technology', 'city', 'research', 'framework', 'place', 'stakeholder']","['design', 'process', 'planning', 'community', 'creativity', 'planning process', 'information', 'role', 'diversity', 'technology']","['process', 'planning', 'population', 'planning process', 'information', 'explore youth engagement', 'engaging child', 'engaging young people', 'emancipated actor', 'game support child']"
14,12,0.03,"[100, 132, 134, 159, 183, 186, 240, 287, 293, 300, 305, 386]","['outstanding example', 'objective', 'protection', 'perspective', 'part', 'outstanding universal value', 'requirement', 'managing', 'meets criterion iv', 'respect']","['material', 'construction', 'totora', 'building', 'study', 'field', 'island', 'industry', 'wood', 'construction field']","['architecture', 'book', 'concept', 'geography', 'influence', 'series', 'environment', 'interaction', 'form', 'building']","['construction', 'architecture', 'study', 'material', 'field', 'example', 'design', 'totora', 'construction field', 'island']","['architecture', 'landscape', 'area', 'example', 'condition', 'tourism', 'function', 'expedition', 'took place', 'climate']","['place', 'specie', 'favelas', 'house', 'culture', 'nature', 'region', 'people', 'area', 'work']","['astronomy', 'calendar', 'bridge', 'study', 'people', 'research', 'example', 'object', 'city', 'culture']","['planning', 'crisis', 'heritage', 'spatial planning', 'people', 'city', 'culture', 'exit', 'development', 'concept']","['calendar', 'outstanding example', 'natural environment', 'perspective', 'part', 'outstanding universal value', 'republic', 'objective', 'managing', 'managing tool']","['park', 'city', 'national park', 'history', 'conservation', 'engineering', 'volume', 'center', 'naturbanity', 'bridge']"
15,11,0.028,"[6, 89, 93, 97, 99, 150, 182, 249, 260, 290, 307]","['Sustainable development', 'Science', 'Vancouver region', 'Vancouver', 'Urban indicator', 'Urban Observatory network', 'UN member state', 'UN member', 'academic', 'Olewiler']","['indicator', 'UN member', 'Science', 'Vancouver region', 'Vancouver', 'Urban indicator', 'Urban Observatory network', 'UN member state', 'academic', 'Sustainable development']","['Sustainable development', 'Science', 'Vancouver region', 'Vancouver', 'Urban indicator', 'Urban Observatory network', 'UN member state', 'UN member', 'academic', 'Olewiler']","['change', 'culture', 'science', 'choice', 'Human futuristics', 'future culture', 'futuristics', 'past rate', 'rate', 'culture change']","['city', 'people', 'design', 'infrastructure', 'article', 'world', 'life', 'form', 'concept', 'culture']","['region', 'development', 'form', 'modernization', 'colonialism', 'term', 'nation', 'idea', 'century', 'rise']","['indicator', 'article', 'region', 'development', 'city', 'governance', 'work', 'sustainability', 'capital', 'perspective']","['architecture', 'fraction', 'city', 'class', 'environment', 'built environment', 'politician', 'importance', 'manifestation', 'capitalist']","['century', 'development', 'form', 'colonialism', 'term', 'idea', 'region', 'representation', 'progress', 'history']","['planning', 'city', 'history', 'culture', 'context', 'field', 'urban planning', 'century', 'activity', 'people']"
16,8,0.02,"[35, 46, 104, 143, 181, 275, 341, 353]","['homeless', 'homelessness', 'defensive architecture', 'entitlement', 'expectation', 'exposure', 'grammable', 'group', 'control', 'important role']","['homeless', 'homelessness', 'defensive architecture', 'entitlement', 'expectation', 'exposure', 'grammable', 'group', 'control', 'important role']","['homeless', 'homelessness', 'defensive architecture', 'entitlement', 'expectation', 'exposure', 'grammable', 'group', 'control', 'important role']","['homeless', 'homelessness', 'defensive architecture', 'entitlement', 'expectation', 'exposure', 'grammable', 'group', 'control', 'important role']","['homeless', 'homelessness', 'defensive architecture', 'entitlement', 'expectation', 'exposure', 'grammable', 'group', 'control', 'important role']","['street', 'study', 'neighborhood', 'form', 'gayborhoods', 'significance', 'urban governance', 'governance', 'resident', 'urban study']","['space', 'inequality', 'research', 'effort', 'public space', 'strategy', 'divide', 'digital divide', 'interest', 'color']","['city', 'community', 'sustainability', 'race', 'policy', 'transportation', 'safety', 'ideal', 'project', 'landscape']","['space', 'people', 'public space', 'culture', 'regulation', 'role', 'gentrification', 'behavior', 'visibility', 'bicyclist']","['community', 'city', 'Latino community', 'literature', 'challenge', 'development', 'governance', 'segregation', 'planning', 'multiracial interaction']"
17,12,0.03,"[151, 236, 237, 271, 306, 308, 328, 334, 373, 380, 387, 393]","['sustainable design', 'sustainable assessment', 'sustainable urban design', 'sustainable key factor', 'sustainable design assessment', 'urban change', 'strategic development plan', 'strategic planning', 'urban design factor', 'success']","['sustainable design', 'sustainable assessment', 'sustainable urban design', 'sustainable key factor', 'sustainable design assessment', 'urban change', 'strategic development plan', 'strategic planning', 'urban design factor', 'success']","['beach', 'city', 'village', 'center', 'million people', 'largest city', 'line', 'long beach', 'harbor', 'trolley']","['city', 'design', 'host', 'urban design', 'factor', 'event', 'main urban design', 'location', 'host city', 'assessment']","['environment', 'space', 'urban environment', 'composition', 'city', 'method', 'whole', 'man', 'culture', 'community']","['city', 'culture', 'article', 'life', 'area', 'issue', 'place', 'overview', 'displacement', 'people']","['city', 'urbanity', 'people', 'disaster', 'space', 'role', 'attitude', 'life', 'century', 'research']","['knowledge', 'culture', 'indigenous knowledge', 'project', 'Indigenous knowledge', 'people', 'environment', 'management', 'generation', 'policy']","['interaction', 'level', 'student', 'Chinese student', 'study', 'Chapter', 'place', 'value', 'university', 'group']","['knowledge', 'sustainable design', 'sustainable assessment', 'sustainable key factor', 'sustainable design assessment', 'transformation impact', 'strategic development plan', 'strategic planning', 'urban design element', 'success']"
18,9,0.023,"[45, 57, 69, 88, 126, 169, 187, 195, 248]","['project', 'form', 'regeneration', 'paper', 'market', 'Chinese city', 'order', 'symbol', 'traditional form', 'city']","['history', 'urban history', 'study', 'structure', 'force', 'research', 'interest', 'change', 'topic', 'attention']","['book', 'architecture', 'city', 'development', 'work', 'environment', 'author', 'people', 'government', 'technology']","['development', 'generation', 'city', 'people', 'cultural development', 'place', 'community', 'life', 'government', 'sense']","['city', 'transformation', 'state', 'urban transformation', 'development', 'control', 'life', 'prosperity', 'Chinese city', 'outcome']","['class', 'middle class', 'planning', 'study', 'politics', 'society', 'urban planning', 'book', 'development', 'practice']","['abstract', 'recent emphasis', 'responsibility', 'prosperity', 'providing grant', 'public process', 'purpose', 'quality', 'policy', 'sense']","['abstract', 'recent emphasis', 'responsibility', 'prosperity', 'providing grant', 'public process', 'purpose', 'quality', 'policy', 'sense']","['abstract', 'recent emphasis', 'responsibility', 'prosperity', 'providing grant', 'public process', 'purpose', 'quality', 'policy', 'sense']","['abstract', 'recent emphasis', 'responsibility', 'prosperity', 'providing grant', 'public process', 'purpose', 'quality', 'policy', 'sense']"
19,5,0.013,"[148, 258, 332, 372, 381]","['generate smart city', 'gives good method', 'direction', 'distance', 'embedded system', 'garden', 'different place', 'geographical information', 'human mobility', 'help urban decision']","['generate smart city', 'gives good method', 'direction', 'distance', 'embedded system', 'garden', 'different place', 'geographical information', 'human mobility', 'help urban decision']","['generate smart city', 'gives good method', 'direction', 'distance', 'embedded system', 'garden', 'different place', 'geographical information', 'human mobility', 'help urban decision']","['generate smart city', 'gives good method', 'direction', 'distance', 'embedded system', 'garden', 'different place', 'geographical information', 'human mobility', 'help urban decision']","['business', 'small business', 'development', 'Small business', 'role', 'relationship', 'engagement', 'quality', 'neighborhood', 'interaction']","['event', 'network', 'commitment', 'culture', 'city', 'planning', 'year', 'world', 'role', 'party']","['time', 'publication', 'exhibition', 'agency', 'element', 'effort', 'style', 'understanding', 'work', 'colonist']","['city', 'mobility', 'place', 'model', 'people', 'area', 'smart city', 'way', 'paper', 'method']","['city', 'culture', 'history', 'concept', 'square', 'space', 'design', 'building', 'context', 'cultural context']","['network', 'generate smart city', 'difficulty', 'direction', 'distance', 'embedded system', 'garden', 'different place', 'help urban decision', 'history']"
20,5,0.013,"[111, 263, 316, 335, 357]","['link', 'lignin solution', 'marine', 'manufacturing process', 'manufacturing', 'low seismic region', 'load', 'litter', 'material temperature', 'life cycle assessment']","['link', 'lignin solution', 'marine', 'manufacturing process', 'manufacturing', 'low seismic region', 'load', 'litter', 'material temperature', 'life cycle assessment']","['link', 'lignin solution', 'marine', 'manufacturing process', 'manufacturing', 'low seismic region', 'load', 'litter', 'material temperature', 'life cycle assessment']","['effect', 'waste', 'low seismic region', 'litter', 'marine litter', 'marine', 'manufacturing process', 'manufacturing', 'material temperature distribution', 'load']","['waste', 'distribution', 'wastewater', 'assessment', 'catalyst', 'plastic waste', 'dye', 'cell', 'beam', 'investigation']","['measure', 'reconstruction', 'reconstruction measure', 'plan', 'city', 'city area', 'prevention', 'revitalization', 'recovery', 'tsunami hazard zone']","['government', 'reconstruction', 'measure', 'city', 'area', 'zone', 'recovery', 'tsunami', 'town', 'disaster']","['waste', 'property', 'effect', 'method', 'analysis', 'removal', 'investigation', 'water', 'characterization', 'rubber']","['built environment', 'environment', 'research', 'development', 'life', 'planning', 'field', 'challenge', 'role', 'nature']","['village', 'community', 'concept', 'order', 'study', 'floating village', 'architecture', 'space', 'design', 'social sustainability']"
21,6,0.015,"[156, 206, 217, 245, 325, 369]","['real estate developer', 'regeneration', 'profit', 'programme', 'real estate', 'policy', 'revaluation', 'revaluated plot', 'plot', 'restrictive conceptualisation']","['real estate developer', 'regeneration', 'profit', 'programme', 'real estate', 'policy', 'revaluation', 'revaluated plot', 'plot', 'restrictive conceptualisation']","['real estate developer', 'regeneration', 'profit', 'programme', 'real estate', 'policy', 'revaluation', 'revaluated plot', 'plot', 'restrictive conceptualisation']","['real estate developer', 'regeneration', 'profit', 'programme', 'real estate', 'policy', 'revaluation', 'revaluated plot', 'plot', 'restrictive conceptualisation']","['real estate developer', 'regeneration', 'profit', 'programme', 'real estate', 'policy', 'revaluation', 'revaluated plot', 'plot', 'restrictive conceptualisation']","['real estate developer', 'regeneration', 'profit', 'programme', 'real estate', 'policy', 'revaluation', 'revaluated plot', 'plot', 'restrictive conceptualisation']","['approach', 'people', 'complexity', 'problem', 'planning', 'peripheral area', 'area', 'researcher', 'project', 'suggestion']","['design', 'strategy', 'space', 'area', 'people', 'form', 'public space', 'study', 'culture', 'design strategy']","['city', 'method', 'planning', 'globalization', 'space', 'design', 'approach', 'map', 'culture', 'creativity']","['globalization', 'real estate developer', 'restrictive conceptualisation', 'programme', 'real estate', 'potential', 'regeneration', 'revaluated plot', 'plot', 'revaluation']"
22,5,0.013,"[16, 204, 227, 274, 333]","['brings', 'connection', 'aspect', 'asset', 'availability', 'analysis method', 'content analysis method', 'content analysis', 'analysis', 'content']","['brings', 'connection', 'aspect', 'asset', 'availability', 'analysis method', 'content analysis method', 'content analysis', 'analysis', 'content']","['brings', 'connection', 'aspect', 'asset', 'availability', 'analysis method', 'content analysis method', 'content analysis', 'analysis', 'content']","['brings', 'connection', 'aspect', 'asset', 'availability', 'analysis method', 'content analysis method', 'content analysis', 'analysis', 'content']","['brings', 'connection', 'aspect', 'asset', 'availability', 'analysis method', 'content analysis method', 'content analysis', 'analysis', 'content']","['dorm', 'energy', 'level', 'relationship', 'building', 'comfort', 'people', 'context', 'student', 'analysis']","['livability', 'measure', 'urban livability', 'paper', 'sense', 'place', 'urban livability measure', 'principle', 'placemaking principle', 'livability measure']","['study', 'limit', 'summer', 'comfort', 'winter', 'environment', 'upper limit', 'index', 'temperature', 'thermal comfort']","['study', 'attribute', 'community', 'survey', 'approach', 'evaluation', 'historic urban landscape', 'dataset', 'landscape', 'fuzzy']","['city', 'development', 'application', 'system', 'smart city', 'community', 'process', 'service', 'smart city application', 'crisis']"
23,8,0.02,"[26, 108, 219, 225, 234, 257, 278, 304]","['visitor', 'site', 'expectation', 'centre', 'analysis', 'interpretation centre', 'interpretation', 'experience', 'reflection', 'site interpretation']","['visitor', 'site', 'expectation', 'experience', 'interpretation', 'comment', 'centre', 'site interpretation', 'site interpretation centre', 'interpretation centre']","['place', 'knowledge', 'book', 'attachment', 'creative knowledge', 'place attachment', 'mobility', 'worker', 'market', 'form']","['landscape', 'state', 'meaning', 'way', 'theme', 'community', 'experience', 'culture', 'effort', 'housing']","['study', 'practice', 'resident', 'paper', 'people', 'need', 'process', 'planning', 'housing', 'paradigm']","['place', 'planning', 'third place', 'culture', 'space', 'city', 'people', 'sensory assessment', 'research', 'data']","['para', 'people', 'language', 'student', 'education', 'government', 'community', 'social networking', 'networking', 'system']","['aboriginal education', 'aboriginal student', 'third place', 'working class', 'working class people', 'Adding point', 'Taiwanese government', 'Whither aboriginal education', 'spatialization', 'aboriginal language']","['aboriginal education', 'aboriginal student', 'third place', 'working class', 'working class people', 'Adding point', 'Taiwanese government', 'Whither aboriginal education', 'spatialization', 'aboriginal language']","['landscape', 'experience', 'meaning', 'state', 'working class people', 'working class', 'Adding point', 'Whither aboriginal education', 'third place', 'aboriginal language']"
24,7,0.018,"[23, 64, 107, 116, 198, 233, 251]","['experience', 'forest', 'divergent view', 'effective solution', 'environmental threat', 'evaluate management', 'existing consensus', 'expansion', 'critical governance challenge', 'forest protection']","['experience', 'forest', 'divergent view', 'effective solution', 'environmental threat', 'evaluate management', 'existing consensus', 'expansion', 'critical governance challenge', 'forest protection']","['experience', 'forest', 'divergent view', 'effective solution', 'environmental threat', 'evaluate management', 'existing consensus', 'expansion', 'critical governance challenge', 'forest protection']","['capacity', 'electrical capacity', 'company', 'difference', 'consumption', 'value', 'construction', 'reduction', 'calculated electrical capacity', 'grid company']","['city', 'problem', 'analysis', 'planning', 'opportunity', 'city system', 'environment', 'system', 'way', 'impact']","['challenge', 'governance', 'management', 'government', 'governance challenge', 'local government', 'manager', 'urban forest manager', 'range', 'forest manager']","['government', 'challenge', 'governance', 'management', 'evaluate management', 'existing consensus', 'expansion', 'experience', 'forest', 'forest management']","['transition', 'city', 'system', 'sustainability transition', 'world', 'transformation', 'towards', 'book', 'sustainability', 'governance']","['indicator', 'strategy', 'sustainability', 'city', 'study', 'aspect', 'urban sustainability', 'development', 'service', 'order']","['country', 'change', 'people', 'climate', 'growth', 'climate change', 'population', 'emission', 'developing country', 'gas']"
25,5,0.013,"[21, 31, 44, 72, 216]","['gather data', 'goal', 'foster feeling', 'gas', 'gas extraction', 'gather', 'fishery', 'healthy ocean environment', 'health', 'feeling']","['gather data', 'goal', 'foster feeling', 'gas', 'gas extraction', 'gather', 'fishery', 'healthy ocean environment', 'health', 'feeling']","['gather data', 'goal', 'foster feeling', 'gas', 'gas extraction', 'gather', 'fishery', 'healthy ocean environment', 'health', 'feeling']","['gather data', 'goal', 'foster feeling', 'gas', 'gas extraction', 'gather', 'fishery', 'healthy ocean environment', 'health', 'feeling']","['value', 'mangrove', 'ecosystem', 'transition', 'development', 'habitat', 'cultural value', 'ecosystem service', 'photographs', 'service']","['ocean', 'city', 'life', 'extraction', 'sea', 'energy', 'health', 'inspiration', 'use', 'opportunity']","['city', 'landscape', 'way', 'waterfront', 'reclamation', 'transformation', 'redevelopment', 'land', 'urbanism', 'environment']","['waterfront', 'people', 'activity', 'life', 'living', 'redevelopment', 'culture', 'plan', 'place', 'history']","['city', 'paper', 'landscape', 'waterfront', 'development', 'influence', 'capital', 'globalism', 'global convergence', 'global aspiration']","['landscape', 'way', 'waterfront', 'city', 'redevelopment', 'reclamation', 'gather data', 'great potential', 'gas extraction', 'gather']"
26,5,0.013,"[52, 117, 163, 212, 254]","['elite architecture', 'elite architecture firm', 'dome', 'dominant conflict', 'downside', 'downtown', 'downtown reverse', 'drawing board', 'economic reality', 'element']","['elite architecture', 'elite architecture firm', 'dome', 'dominant conflict', 'downside', 'downtown', 'downtown reverse', 'drawing board', 'economic reality', 'element']","['elite architecture', 'elite architecture firm', 'dome', 'dominant conflict', 'downside', 'downtown', 'downtown reverse', 'drawing board', 'economic reality', 'element']","['sociology', 'bureaucrat', 'conflict', 'knowledge', 'policy', 'evolutionist', 'sociologist', 'city', 'possibility', 'context']","['icon', 'regulation', 'conversation', 'people', 'boundary', 'imagination', 'growth boundary', 'growth', 'description', 'cultural icon']","['history', 'structure', 'monument', 'city', 'culture', 'expansion', 'people', 'design', 'building', 'player']","['city', 'future', 'world', 'planning', 'vision', 'trend', 'transportation', 'planning process', 'project', 'model']","['city', 'idea', 'fair', 'world', 'planning', 'vision', 'future', 'time', 'dominant conflict', 'enabled city official']","['city', 'planning', 'vision', 'world', 'time', 'future', 'fair', 'idea', 'planner', 'plan']","['policy', 'knowledge', 'bureaucrat', 'sociology', 'element', 'drawing board', 'elite architecture', 'downtown', 'economic reality', 'downtown reverse']"
27,7,0.018,"[19, 28, 34, 50, 67, 147, 231]","['manufacturing era', 'make positive contribution', 'publishing', 'profession', 'product', 'producer', 'presenting city', 'positive contribution', 'perspective', 'material culture']","['manufacturing era', 'make positive contribution', 'publishing', 'profession', 'product', 'producer', 'presenting city', 'positive contribution', 'perspective', 'material culture']","['manufacturing era', 'make positive contribution', 'publishing', 'profession', 'product', 'producer', 'presenting city', 'positive contribution', 'perspective', 'material culture']","['manufacturing era', 'make positive contribution', 'publishing', 'profession', 'product', 'producer', 'presenting city', 'positive contribution', 'perspective', 'material culture']","['manufacturing era', 'make positive contribution', 'publishing', 'profession', 'product', 'producer', 'presenting city', 'positive contribution', 'perspective', 'material culture']","['manufacturing era', 'make positive contribution', 'publishing', 'profession', 'product', 'producer', 'presenting city', 'positive contribution', 'perspective', 'material culture']","['manufacturing era', 'make positive contribution', 'publishing', 'profession', 'product', 'producer', 'presenting city', 'positive contribution', 'perspective', 'material culture']","['landscape', 'design', 'minority', 'group', 'minority group', 'case', 'experience', 'study', 'ethnic minority', 'range']","['architecture', 'city', 'way', 'society', 'article', 'question', 'concern', 'life', 'environment', 'urban design']","['design', 'city', 'people', 'planning', 'space', 'paper', 'urbanity', 'city planning', 'competition', 'context']"
28,8,0.02,"[36, 65, 80, 85, 130, 162, 197, 202]","['develops strategic development', 'drive', 'capital', 'consideration', 'construction sector', 'country', 'critical project', 'cultural identity', 'development plan', 'development strategy']","['develops strategic development', 'drive', 'capital', 'consideration', 'construction sector', 'country', 'critical project', 'cultural identity', 'development plan', 'development strategy']","['develops strategic development', 'drive', 'capital', 'consideration', 'construction sector', 'country', 'critical project', 'cultural identity', 'development plan', 'development strategy']","['water', 'management', 'conflict', 'change', 'ecosystem', 'process', 'policy', 'system', 'planning', 'power']","['community', 'trust', 'risk', 'trust relationship', 'relationship', 'condition', 'people', 'resident', 'city', 'world']","['standard', 'residential standard', 'compliance', 'planning', 'level', 'practice', 'paper', 'system', 'extent', 'impact']","['city', 'indicator', 'sustainability', 'perspective', 'efficiency', 'approach', 'material', 'outcome', 'target', 'efficiency score']","['city', 'process', 'pandemic', 'planning', 'decision', 'problem', 'approach', 'space', 'system', 'people']","['water', 'development plan', 'develops strategic development', 'cancel', 'capital', 'consideration', 'construction sector', 'country', 'critical project', 'cultural identity']","['building', 'mobility', 'vision', 'plan', 'immobility', 'culture', 'development', 'construction', 'life', 'risk']"
