0,1
detect febrile case,{-1}
typhoid fever case,{-1}
fever among preschooler,{-1}
urban study area,{-1}
noise control policy,{-1}
new multidisciplinary approach,{-1}
soundscapes across country,{-1}
considers environmental sound,{-1}
emerging soundscape science,{-1}
although significant research,{-1}
significant research activity,{-1}
last question aim,{-1}
transnational capitalist class,{-1}
major transnational corporation,{-1}
major global consumer,{-1}
global consumer good,{-1}
aspiring global city,{-1}
deliberately iconic architecture,{-1}
central urban manifestation,{-1}
among us writer,{-1}
century european tradition,{-1}
writer regard victim,{-1}
grant sensory information,{-1}
inform serious reflection,{-1}
historical period surprising,{-1}
local environmental planning,{-1}
human mind work,{-1}
intellectual bona fides,{-1}
pure environmental aesthetic,{-1}
form emotional attachment,{-1}
surrounding industrial development,{-1}
inform local resident,{-1}
relationship among culture,{-1}
socially constructed risk,{-1}
conflicting cultural worldviews,{-1}
contentious environmental debate,{-1}
public green space,{-1}
foreign resident youth,{-1}
zurich investigated leisure,{-1}
investigated leisure activity,{-1}
facilitate social interaction,{-1}
immigrant young people,{-1}
urban green space,{-1}
friend across culture,{-1}
landscape type preference,{-1}
broadly defined landscape,{-1}
defined landscape type,{-1}
category comprising element,{-1}
respondent expressed preference,{-1}
behavioral landscape preference,{-1}
different thermal index,{-1}
outdoor urban environment,{-1}
hot dry city,{-1}
different thermal environment,{-1}
thermal comfort range,{-1}
comprehensive micrometeorological measurement,{-1}
different outdoor environment,{-1}
outdoor environment vary,{-1}
physiologically equivalent temperature,{-1}
standard effective temperature,{-1}
lower comfort limit,{-1}
thermal sensation vote,{-1}
examines recent response,{-1}
recent development appear,{-1}
closer examination reveals,{-1}
ethnic minority group,{-1}
public open scape,{-1}
white british people,{-1}
different ethnic minority,{-1}
towards inclusive design,{-1}
contemporary cultural ecosystem,{-1}
cultural ecosystem service,{-1}
ecosystem service value,{-1}
rapidly urbanizing city,{-1}
urbanizing city state,{-1}
undergone rapid urbanization,{-1}
natural habitat extent,{-1}
using coastal mangrove,{-1}
coastal mangrove forest,{-1}
case study habitat,{-1}
changing cultural value,{-1}
including qualitative archival,{-1}
qualitative archival analysis,{-1}
uploaded social medium,{-1}
social medium photographs,{-1}
publically accessible mangrove,{-1}
cultural value change,{-1}
important cultural role,{-1}
heavily urbanized environment,{-1}
urban sustainability transition,{-1}
significant transition towards,{-1}
transition towards urbanisation,{-1}
influence social development,{-1}
structural systemic realignments,{-1}
persistent societal challenge,{-1}
towards urban farming,{-1}
renewable decentralised energy,{-1}
decentralised energy system,{-1}
provides new insight,{-1}
sustainability transition unfold,{-1}
explores possible strategy,{-1}
governing urban transition,{-1}
across geographical contexts,{-1}
global environmental change,{-1}
urban design challenge,{-1}
poor urban settlement,{-1}
autonomous adaptation strategy,{-1}
argue urban slum,{-1}
identifying local adaptation,{-1}
densely populated suburb,{-1}
rapid environmental change,{-1}
expected coping strategy,{-1}
despite uncertain tenure,{-1}
critical public service,{-1}
action toward adaptation,{-1}
toward adaptation pathway,{-1}
prevails among government,{-1}
among government official,{-1}
reduce risk exist,{-1}
reading landscape meaning,{-1}
embodies multiple level,{-1}
everyday meaning implicit,{-1}
public housing scheme,{-1}
along modernist line,{-1}
organised vernacular association,{-1}
physically polluted landscape,{-1}
revitalise chinese culture,{-1}
common bond place,{-1}
moving young life,{-1}
explores young people,{-1}
poorer urban area,{-1}
urban young people,{-1}
three urban study,{-1}
urban study site,{-1}
links young people,{-1}
emerging collective experiment,{-1}
best managed city,{-1}
pursue outdoor recreation,{-1}
cooperative urban planning,{-1}
provincial western city,{-1}
exemplary american metropolis,{-1}
toward public good,{-1}
whether typical pressure,{-1}
understood without reference,{-1}
broader regional setting,{-1}
distinctive civic culture,{-1}
supports urban progress,{-1}
expansive green space,{-1}
strong civic participation,{-1}
whose unique initiative,{-1}
american urban planning,{-1}
hot arid climate,{-1}
outdoor urban space,{-1}
social background matter,{-1}
space within city,{-1}
increase economic activity,{-1}
open public space,"{1, -1}"
two different part,{-1}
similar climatic context,{-1}
include structured interview,{-1}
subjective thermal evaluation,{-1}
given new life,{-1}
singapore river waterfront,{-1}
analyses three form,{-1}
include reclaiming functionality,{-1}
commemorate local culture,{-1}
record breaking magnitude,{-1}
disaster first hand,{-1}
reshaping japanese culture,{-1}
upwardly mobile bicyclist,{-1}
varied cultural meaning,{-1}
gentrifying urban planning,{-1}
upholds systemic race,{-1}
many problematic aspect,{-1}
urban bicycling culture,{-1}
regarded complex entity,{-1}
urban planning process,{-1}
combine three methodology,{-1}
representative spanish city,{-1}
identified six city,{-1}
meanwhile lower level,{-1}
municipal solid waste,{-1}
greenhouse gas emission,{-1}
prevalent transport problem,{-1}
well informal factor,{-1}
different analytical level,{-1}
multiple case study,{-1}
factor included legislation,{-1}
legislation concerning transport,{-1}
appropriate business model,{-1}
provide several implication,{-1}
private sector actor,{-1}
facilitate maas development,{-1}
adjusting relevant regulation,{-1}
creating conducive condition,{-1}
planning urban design,{-1}
future maas development,{-1}
private transport service,{-1}
privately owned car,{-1}
maas business model,{-1}
emerging maas ecosystem,{-1}
inclusive municipal governance,{-1}
house demolition campaign,{-1}
thousand people homeless,{-1}
tackle city challenge,{-1}
urban service provision,{-1}
changing municipal attitude,{-1}
participatory urban planning,{-1}
upgrading institutional structure,{-1}
slum upgrading impact,{-1}
slum without fear,{-1}
access municipal service,{-1}
two main factor,{-1}
positive step towards,{-1}
towards inclusive governance,{-1}
gradual institutional change,{-1}
slum upgrading sustainability,{-1}
active city participation,{-1}
project based approach,{-1}
requiring strong impartiality,{-1}
rapidly advancing knowledge,{-1}
contemporary public policy,{-1}
behaviour change policy,{-1}
geographically informed set,{-1}
improving traffic behaviour,{-1}
removing standard kerb,{-1}
road marking force,{-1}
marking force motorist,{-1}
use eye contact,{-1}
attractive urban environment,{-1}
standard traffic infrastructure,{-1}
although many city,{-1}
many city aspire,{-1}
create urban landscape,{-1}
singapore river development,{-1}
river development zone,{-1}
urban planner hope,{-1}
singapore river landscape,{-1}
dominant global influence,{-1}
emerging local process,{-1}
observation provide evidence,{-1}
broader singapore experience,{-1}
latino urban experience,{-1}
integration within society,{-1}
public sector play,{-1}
particular government action,{-1}
similar effort today,{-1}
addressing contemporary challenge,{-1}
future planning scholarship,{-1}
wider urban study,{-1}
urban study literature,{-1}
road traffic noise,{-1}
noise measurement method,{-1}
typical residential area,{-1}
question concerned annoyance,{-1}
activity disturbance indoors,{-1}
british african colony,{-1}
creating colonial hegemony,{-1}
four geographical book,{-1}
british imperial culture,{-1}
seemingly omnipresent service,{-1}
enframing spatial discourse,{-1}
underlying recent debate,{-1}
enforce social assumption,{-1}
concern architectural theory,{-1}
criticizes two kind,{-1}
genuinely urban environment,{-1}
recognizably different class,{-1}
urban growth boundary,{-1}
inspired vivid description,{-1}
read complex meaning,{-1}
simple legal function,{-1}
increasingly complex way,{-1}
examines metaphorical description,{-1}
many planning project,{-1}
urban public transit,{-1}
public transit system,{-1}
souq waqif station,{-1}
new transit hubs,{-1}
implement transit village,{-1}
encourage transit ridership,{-1}
investing large fund,{-1}
encourage sustainable development,{-1}
supporting better transport,{-1}
better transport integration,{-1}
promote sustainable development,{-1}
sustainable development integration,{-1}
controlling increasing traffic,{-1}
existing tod case,{-1}
tod case study,{-1}
souq waqif area,{-1}
waqif allowed judgment,{-1}
invaluable reference source,{-1}
concepts seriesrecent volume,{-1}
key concepts series,{-1}
series provides student,{-1}
encourages critical evaluation,{-1}
enquiry concerning reproduction,{-1}
publication dataa catalogue,{-1}
dataa catalogue record,{-1}
chris rojekeditorial assistant,{-1}
martine jonsrudproduction editor,{-1}
jacque woolleymarketing manager,{-1}
alison borgcover design,{-1}
author viiacknowledgements viiiintroduction,{-1}
viiacknowledgements viiiintroduction ixauthenticity,{-1}
key research interest,{-1}
various edited book,{-1}
edited book collection,{-1}
teaching interest mirror,{-1}
postgraduate tourism management,{-1}
event management programme,{-1}
programme teaching module,{-1}
international festival environment,{-1}
event represented nouveau,{-1}
lee et al,{-1}
simply unimaginable today,{-1}
one annual festival,{-1}
important communal celebration,{-1}
festival per year,{-1}
held every year,{-1}
special event industry,{-1}
regularly occurring event,{-1}
event management profession,{-1}
also finds expression,{-1}
broadly positive phenomenon,{-1}
fostering community spirit,{-1}
shaping appropriate policy,{-1}
involves reviewing literature,{-1}
beyond economic impact,{-1}
developed within tourism,{-1}
within tourism study,{-1}
enquiry within festival,{-1}
societal debate begin,{-1}
highlight particular concern,{-1}
teton valley case,{-1}
hold negative attitude,{-1}
toward unplanned development,{-1}
natural property right,{-1}
property right value,{-1}
intermountain west community,{-1}
regarding natural property,{-1}
rapid unplanned growth,{-1}
land use planning,{-1}
multiple logistic regression,{-1}
logistic regression model,{-1}
overall significance test,{-1}
sustainable landscape planning,{-1}
requires uncoupling property,{-1}
uncoupling property right,{-1}
four broad dimension,{-1}
complex human problem,{-1}
including climate change,{-1}
global urban growth,{-1}
additional urban people,{-1}
country every week,{-1}
emitting greenhouse gas,{-1}
altering planetary albedo,{-1}
altering atmospheric component,{-1}
emission per person,{-1}
affect many aspect,{-1}
including human settlement,{-1}
affect poor people,{-1}
quantitatively many detail,{-1}
affect climate change,{-1}
universal secondary education,{-1}
maternal health service,{-1}
smarter urban design,{-1}
reducing greenhouse gas,{-1}
factor affecting compliance,{-1}
urban housing complies,{-1}
characteristic among people,{-1}
multiple regression analysis,{-1}
regression analysis reveal,{-1}
income per month,{-1}
municipal administration culture,{-1}
improved urban planning,{-1}
urban planning practice,{-1}
current residential standard,{-1}
comprehensive legal framework,{-1}
linking residential standard,{-1}
urban design approach,{-1}
changing planning practice,{-1}
developing information system,{-1}
produce effective monitoring,{-1}
effective monitoring system,{-1}
staff including planner,{-1}
among affluent household,{-1}
reflecting distinctive geography,{-1}
key business service,{-1}
believe good design,{-1}
make positive contribution,{-1}
shaping urban environment,{-1}
linkage among designer,{-1}
distinctive social science,{-1}
social science perspective,{-1}
new planning paradigm,{-1}
second edition build,{-1}
acclaimed first edition,{-1}
intercity public transportation,{-1}
many valuable addition,{-1}
urban heat island,{-1}
heat island effect,{-1}
new case study,{-1}
case study show,"{0, -1}"
show global exemplar,{-1}
deliberative public involvement,{-1}
one describing life,{-1}
ecologically planned community,{-1}
affiliated sustainability discipline,{-1}
provides practical technique,{-1}
coastal city begin,{-1}
rising sea level,{-1}
beatley sees opportunity,{-1}
upon ocean resource,{-1}
daily urban life,{-1}
healthy ocean environment,{-1}
book explores issue,{-1}
community supported fishery,{-1}
damage ocean life,{-1}
helping scientist gather,{-1}
scientist gather data,{-1}
encouraging citizen volunteerism,{-1}
protect marine health,{-1}
equal part inspiration,{-1}
integrate ocean health,{-1}
new canadian immigrant,{-1}
similar ethnic background,{-1}
particular ethnic group,{-1}
local ethnic community,{-1}
also significant determinant,{-1}
new town building,{-1}
town building movement,{-1}
local regional influence,{-1}
newly achieved nationhood,{-1}
local political leader,{-1}
much less attention,{-1}
western urban design,{-1}
last two decade,{-1}
urban regime theory,{-1}
although regime theory,{-1}
account geographical scale,{-1}
wider economic process,{-1}
regime theory literature,{-1}
either nicely conjoin,{-1}
megacities water quantity,{-1}
land use change,{-1}
unsustainable agricultural practice,{-1}
unsustainable water management,{-1}
social vulnerable people,{-1}
integral water resource,{-1}
water resource management,{-1}
conflict regarding concession,{-1}
besides technical factor,{-1}
transform human settlement,{-1}
produce segmented response,{-1}
voluntary agency resort,{-1}
official rhetoric address,{-1}
address visible homelessness,{-1}
radical voice aim,{-1}
revealing hidden homelessness,{-1}
sustain inclusive practice,{-1}
substantial trust relationship,{-1}
relationship among people,{-1}
suggests five category,{-1}
shared basic beliefs,{-1}
incoming palestinian refugee,{-1}
difficult housing condition,{-1}
lasting internal risk,{-1}
found livable community,{-1}
strong trust relationship,{-1}
strong shared perception,{-1}
shared perception towards,{-1}
towards external risk,{-1}
homogeneous urban community,{-1}
frequently heterogeneous community,{-1}
support trust relationship,{-1}
relationship among resident,{-1}
fluctuating economic activity,{-1}
kowloon station project,{-1}
three dimensional transport,{-1}
compact city work,{-1}
density integrated development,{-1}
modern city making,{-1}
former british colony,{-1}
pacific age power,{-1}
age power house,{-1}
integrated high density,{-1}
density urban design,{-1}
changing architectural fashion,{-1}
many western government,{-1}
abandoned public housing,{-1}
public housing program,{-1}
facilitates daily life,{-1}
engages numerous agent,{-1}
civic authority design,{-1}
designated agency maintain,{-1}
among different constituent,{-1}
three brief case,{-1}
brief case study,{-1}
generating considerable insight,{-1}
gives special emphasis,{-1}
us address question,{-1}
contemporary social change,{-1}
make major contribution,{-1}
future cultural alternative,{-1}
even past rate,{-1}
many unprecedented innovation,{-1}
innovation taking place,{-1}
render extrapolation invalid,{-1}
therefore culture change,{-1}
designing new image,{-1}
simplified zoning form,{-1}
managing city growth,{-1}
introduction modern architecture,{-1}
middle eastern context,{-1}
eastern context make,{-1}
essayist define modernization,{-1}
industrialized building process,{-1}
help consolidate identity,{-1}
almost timeless place,{-1}
middle eastern country,{-1}
familiar european version,{-1}
crossed national border,{-1}
transnational architectural exchange,{-1}
examine awide range,{-1}
patronage amid debate,{-1}
even local history,{-1}
local history aremultiple,{-1}
set national policy,{-1}
specificallymiddle eastern form,{-1}
european art historian,{-1}
essay call attention,{-1}
allegedly objective depiction,{-1}
challenge facing building,{-1}
facing building effort,{-1}
building effort today,{-1}
larger historical trajectory,{-1}
present postcolonial search,{-1}
complex political ambition,{-1}
sunni islamic world,{-1}
major infrastructure development,{-1}
least nominal sovereignty,{-1}
new political entity,{-1}
ottoman administrative zone,{-1}
sparked nationalist movement,{-1}
charismatic military leader,{-1}
brought new mode,{-1}
increasing industrial thirst,{-1}
even greater dependence,{-1}
contentious ideological positioning,{-1}
enjoyed considerable advantage,{-1}
although jewish immigration,{-1}
reassert western colonialism,{-1}
european colonial interest,{-1}
specific imperial configuration,{-1}
tour de force,{-1}
critical role astronomy,{-1}
providing extraordinary example,{-1}
people merged idea,{-1}
understanding ancient culture,{-1}
mesoamerican religious imagery,{-1}
architectural alignment study,{-1}
explore new dimension,{-1}
digital design studio,{-1}
virtual design studio,{-1}
alternative format design,{-1}
urban design knowledge,{-1}
supported collaborative work,{-1}
many vds experiment,{-1}
second distinctive characteristic,{-1}
custom software tool,{-1}
linked attribute knowledge,{-1}
gay neighborhood form,{-1}
growth machine politics,{-1}
online dating service,{-1}
maximize customer satisfaction,{-1}
makes lean implementation,{-1}
though lean effort,{-1}
successful lean implementation,{-1}
affects project performance,{-1}
construction industry practitioner,{-1}
might conduct project,{-1}
satisfy project requirement,{-1}
guide construction professional,{-1}
better satisfy project,{-1}
seven major enabler,{-1}
implementation whereas lack,{-1}
top management support,{-1}
lead lean practitioner,{-1}
rapid urban growth,{-1}
determine various aspect,{-1}
urban sustainability indicator,{-1}
two different period,{-1}
green urban economics,{-1}
improve urban sustainability,{-1}
urban planning system,{-1}
multilocal creative knowledge,{-1}
creative knowledge worker,{-1}
creative knowledge work,{-1}
highly flexible labour,{-1}
flexible labour market,{-1}
labour market segment,{-1}
geographically mobile workforce,{-1}
mobility becomes part,{-1}
innovative methodological mix,{-1}
without great effort,{-1}
flexibilized labour market,{-1}
detailed qualitative perspective,{-1}
real estate development,{-1}
african urban form,{-1}
sustainable urban development,{-1}
urban spatial expansion,{-1}
sustainable urban planning,{-1}
paper examines model,{-1}
contemporary ssa urban,{-1}
ssa urban development,{-1}
indigenous urban form,{-1}
embody local people,{-1}
exist clear element,{-1}
sustainable planning principle,{-1}
current urban development,{-1}
urban development process,{-1}
suggests different opportunity,{-1}
context risk intervention,{-1}
historically fostered self,{-1}
self interested decision,{-1}
built environment configuration,{-1}
natural flood plain,{-1}
flood plain ecosystem,{-1}
serious cumulative impact,{-1}
national development planning,{-1}
urban planning policy,{-1}
provided one illustration,{-1}
lend certain formulation,{-1}
certain formulation plausibility,{-1}
developing chicago tradition,{-1}
war ii manifestation,{-1}
permitted urban bureaucrat,{-1}
sustained civil servant,{-1}
inexorable historical force,{-1}
raise tangible monument,{-1}
viable occupational strategy,{-1}
bureaucrat qua bureaucrat,{-1}
continued occupational survival,{-1}
although chicago sociology,{-1}
wirth deplored planner,{-1}
used chicago sociologist,{-1}
support policy counter,{-1}
sound business practice,{-1}
central city decline,{-1}
sociologists saw conflict,{-1}
civilization required diversity,{-1}
city various group,{-1}
created homogeneous community,{-1}
eradicating social heterogeneity,{-1}
homogeneous suburban neighborhood,{-1}
fuzzy cognitive mapping,{-1}
real estate degradation,{-1}
blighted residential property,{-1}
may provide housing,{-1}
poorest social class,{-1}
urban blight reduces,{-1}
reduces real property,{-1}
real property value,{-1}
reduces business investment,{-1}
urban decision maker,{-1}
cause urban blight,{-1}
makes important contribution,{-1}
system dynamic approach,{-1}
urban blight determinant,{-1}
urban blight expert,{-1}
following major cause,{-1}
sustainable active mobility,{-1}
information technology strategy,{-1}
computer simulation model,{-1}
specific key stage,{-1}
proposed sd model,{-1}
incorporates individual citizen,{-1}
group level learning,{-1}
unified integrated approach,{-1}
changing mindset occur,{-1}
learn new sustainability,{-1}
sustainability related habit,{-1}
active mobility issue,{-1}
develop practical scenario,{-1}
developed sd model,{-1}
sd model exhibit,{-1}
exhibit important dimension,{-1}
awareness campaign strategy,{-1}
mobility give rise,{-1}
city planning authority,{-1}
shaping mindset towards,{-1}
tested using scenario,{-1}
using scenario planning,{-1}
double bottom line,{-1}
sustainable urban water,{-1}
urban water strategy,{-1}
australian urban water,{-1}
water professional grasp,{-1}
sustainable water management,{-1}
dimension outstrips understanding,{-1}
ethically sensitive notion,{-1}
triple bottom line,{-1}
continued policy emphasis,{-1}
research around water,{-1}
around water fails,{-1}
basic social element,{-1}
resource within household,{-1}
without physical mobility,{-1}
mobile risk society,{-1}
forced urban life,{-1}
providing social care,{-1}
maximum physical immobility,{-1}
negative ecological side,{-1}
ecological side effect,{-1}
corona regime mobility,{-1}
inhabit urban area,{-1}
significant environmental change,{-1}
economically poor people,{-1}
favela morro da,{-1}
replace community demand,{-1}
serve multiple function,{-1}
many urban bridge,{-1}
discusses several example,{-1}
following available research,{-1}
available research method,{-1}
spectacular new implementation,{-1}
urban english pub,{-1}
english public house,{-1}
using evidence drawn,{-1}
youth drinking culture,{-1}
discusses young adult,{-1}
responsible social interaction,{-1}
uk planning system,{-1}
following four dimension,{-1}
various urban resource,{-1}
extent certain area,{-1}
activity oriented towards,{-1}
oriented towards efficiency,{-1}
refocused many research,{-1}
many research effort,{-1}
effort within computer,{-1}
within computer science,{-1}
new extended discourse,{-1}
different application domain,{-1}
complex urban planning,{-1}
urban planning problem,{-1}
support energy sustainability,{-1}
meaningful activ ities,{-1}
critical race study,{-1}
link historical legacy,{-1}
social justice strategy,{-1}
contemporary digital art,{-1}
public intellectual use,{-1}
upon past strategy,{-1}
onto public space,{-1}
space using projector,{-1}
digital inequality result,{-1}
digital human capital,{-1}
combatting racial injustice,{-1}
among youth adult,{-1}
vernacular architectural heritage,{-1}
surrounding vernacular heritage,{-1}
examining rehabilitation settlement,{-1}
primary field observation,{-1}
incorporating contemporary planning,{-1}
contemporary planning ideology,{-1}
number within city,{-1}
major economic return,{-1}
six main type,{-1}
often contradictory nature,{-1}
fascist popular culture,{-1}
includes original contribution,{-1}
local building tradition,{-1}
modern urban housing,{-1}
urban housing development,{-1}
southern nigerian town,{-1}
nigerian urban life,{-1}
including documented data,{-1}
cultural indigenous development,{-1}
indigenous development pattern,{-1}
draws architectural comparison,{-1}
tropical humid terrain,{-1}
acephalous societal organisation,{-1}
western yoruba society,{-1}
native individualised worship,{-1}
heirarchic monotheistic religion,{-1}
freed african slave,{-1}
new cultural style,{-1}
established residential settlement,{-1}
delegated core task,{-1}
municipal trust fund,{-1}
governance mode interact,{-1}
domestic city organisation,{-1}
domestic organisation employ,{-1}
latent structural mechanism,{-1}
keep cultural coordination,{-1}
allow structural coordination,{-1}
furthering urban governance,{-1}
urban governance study,{-1}
three german city,{-1}
analyze local factor,{-1}
set many parameter,{-1}
selected case study,{-1}
case study city,{-1}
pattern language formation,{-1}
host community respond,{-1}
urban architecture project,{-1}
existing rural settlement,{-1}
new business model,{-1}
rural settlement potential,{-1}
wood construction field,{-1}
tall building structure,{-1}
material like concrete,{-1}
canprovide important contributionsto,{-1}
contemporary building industry,{-1}
water level change,{-1}
developed traditional technique,{-1}
main constructive technique,{-1}
industrial design object,{-1}
high aesthetic value,{-1}
common insulating material,{-1}
contemporary construction field,{-1}
matter per hectare,{-1}
hectare per year,{-1}
new material source,{-1}
applying social norm,{-1}
study traffic flow,{-1}
assuming average case,{-1}
represent social norm,{-1}
enables implicit coordination,{-1}
use central coordinator,{-1}
initial experimental result,{-1}
green building regulation,{-1}
abu dhabi vision,{-1}
dhabi economic vision,{-1}
urban planning cancel,{-1}
dhabi urban development,{-1}
urban development strategy,{-1}
develops strategic development,{-1}
strategic development plan,"{1, -1}"
new sustainable way,{-1}
four equal pillar,{-1}
green building incorporates,{-1}
incorporates environmental consideration,{-1}
estidama pearl rating,{-1}
pearl rating system,{-1}
green building system,{-1}
research field focus,{-1}
efficient residential building,{-1}
residential building design,{-1}
widely recognized structure,{-1}
widely divergent motivation,{-1}
provocative new light,{-1}
shrewd city leader,{-1}
destroy historic building,{-1}
failed urban planning,{-1}
new urban design,{-1}
chosen public space,{-1}
present general outlook,{-1}
among urban planner,{-1}
good urban governance,{-1}
fast wrenching control,{-1}
facing several challenge,{-1}
deep seated problem,{-1}
poor management approach,{-1}
investor whose creed,{-1}
yoruba ethnic group,{-1}
particular family identifies,{-1}
played vital role,{-1}
western cultural contact,{-1}
unfolding world order,{-1}
previous resear ch,{-1}
yoruba ethnic origin,{-1}
invariably lack originality,{-1}
future housing development,{-1}
urban smart furniture,{-1}
supporting inclusive design,{-1}
designing public space,{-1}
facilitate social cohesion,{-1}
smart urban furniture,{-1}
investigates innovative solution,{-1}
innovative urban furniture,{-1}
creates different kind,{-1}
among urban space,{-1}
analyze brain region,{-1}
brain region activity,{-1}
modern neuroscience method,{-1}
tang et al,{-1}
exciting epistemological step,{-1}
similar interdisciplinary effort,{-1}
present commentary aim,{-1}
exciting interdisciplinary effort,{-1}
today public leader,{-1}
appropriated many contribution,{-1}
create new community,{-1}
useful analytical frame,{-1}
multiracial interaction drive,{-1}
interaction drive planning,{-1}
weaving together archival,{-1}
participatory action research,{-1}
action research technique,{-1}
uneven geographic development,{-1}
urban planning canon,{-1}
human culture evolves,{-1}
integrative holistic thinker,{-1}
people whose worldview,{-1}
closing discussion addresses,{-1}
significant environmental challenge,{-1}
environmental spatial planning,{-1}
current development model,{-1}
provide better quality,{-1}
formulating development policy,{-1}
ecological spatial planning,{-1}
creating active citizen,{-1}
housing development board,{-1}
development board housing,{-1}
using traditional technology,{-1}
modernist high rise,{-1}
high rise housing,{-1}
new town way,{-1}
shared value system,{-1}
within singaporean society,{-1}
third world country,{-1}
urban forest manager,{-1}
manager evaluate management,{-1}
urban forest management,{-1}
implementing local government,{-1}
local government policy,{-1}
urban forest protection,{-1}
increasing operational capacity,{-1}
improve critical governance,{-1}
critical governance challenge,{-1}
forest regional strategy,{-1}
issue across city,{-1}
address critical management,{-1}
government operational capacity,{-1}
clear historical parallel,{-1}
century plague pandemic,{-1}
flexible pandemic strategy,{-1}
attract new people,{-1}
smart city application,{-1}
big displacement crisis,{-1}
changing social need,{-1}
adopting smart application,{-1}
smart city road,{-1}
activate new system,{-1}
become intelligent system,{-1}
intelligent system analyze,{-1}
modern city planning,{-1}
miesto mentalinis žemėlapis,{-1}
argumentavimo elementai ir,{-1}
elementai ir kūrybiškumas,{-1}
kūrybiškumas šiuolaikinio miesto,{-1}
šiuolaikinio miesto planavimo,{-1}
many social problem,{-1}
recent planning method,{-1}
dominant design process,{-1}
mechanical urban design,{-1}
mere passive reception,{-1}
city planning theory,{-1}
architectural based mind,{-1}
based mind map,{-1}
mind map theory,{-1}
sustainable social innovation,{-1}
current global situation,{-1}
become main priority,{-1}
smart city concept,{-1}
public awareness program,{-1}
transform today city,{-1}
different essential definition,{-1}
efficient urban mobility,{-1}
two main city,{-1}
urban acoustic environment,{-1}
affects many aspect,{-1}
urban soundscape management,{-1}
without uncomfortable sound,{-1}
uncomfortable sound source,{-1}
positive perceptual outcome,{-1}
using several soundscape,{-1}
several soundscape evaluation,{-1}
soundscape evaluation method,{-1}
developed using headphone,{-1}
design online questionnaire,{-1}
virtual reality system,{-1}
suitable recording system,{-1}
acoustic environment reproduction,{-1}
urban soundscape evaluation,{-1}
socially equitable design,{-1}
received litt le,{-1}
le att ention,{-1}
otologically normal hearing,{-1}
within inclusive design,{-1}
inclusive design research,{-1}
idealized otological profi,{-1}
otological profi le,{-1}
hearing profi ciency,{-1}
homogenized sonic interaction,{-1}
constant fl ux,{-1}
hearing profi le,{-1}
lived sonic experience,{-1}
sonically equitable design,{-1}
within environmental history,{-1}
gives us access,{-1}
occupy urban space,{-1}
urban environmental history,{-1}
swettenham pier waterfront,{-1}
pier waterfront redevelopment,{-1}
east coast waterfront,{-1}
coast waterfront link,{-1}
international entrepot activity,{-1}
injecting new life,{-1}
entire master plan,{-1}
serve various demographic,{-1}
new cruise terminal,{-1}
public design strategy,{-1}
several contemporary study,{-1}
public space focus,{-1}
encouraging different form,{-1}
new disciplinary convergence,{-1}
human sensory assessment,{-1}
emotional reaction towards,{-1}
reaction towards space,{-1}
resulting data enables,{-1}
enables urban planner,{-1}
generated various data,{-1}
various data type,{-1}
visual tangible result,{-1}
complete methodical repertoire,{-1}
different case study,{-1}
exemplary research question,{-1}
two unique example,{-1}
intangible cultural resource,{-1}
close spatial proximity,{-1}
similar emotional ideology,{-1}
discussion among people,{-1}
networked social cohesion,{-1}
robust social networking,{-1}
historic urban landscape,{-1}
alwar walled city,{-1}
smart urban development,{-1}
thriving residential culture,{-1}
since data collection,{-1}
conduct household survey,{-1}
fuzzy linguistic variable,{-1}
triangular fuzzy number,{-1}
weighted averaging operator,{-1}
fuzzy coded dataset,{-1}
aggregated fuzzy score,{-1}
overall better performance,{-1}
allied behavioral study,{-1}
ordinal scale datasets,{-1}
even different people,{-1}
structural beauty arises,{-1}
automatically derived substructure,{-1}
including leonardo da,{-1}
discovered among others,{-1}
design spatial theory,{-1}
key trading centre,{-1}
follow many influence,{-1}
also brings optimism,{-1}
urban design practice,{-1}
offering new insight,{-1}
sensitive responsive proposal,{-1}
vehicle type choice,{-1}
overall sustainable planning,{-1}
multinomial logit model,{-1}
cincinnati metropolitan area,{-1}
developed vehicle choice,{-1}
vehicle choice model,{-1}
built environment characteristic,{-1}
single detached housing,{-1}
good transit accessibility,{-1}
owning pickup truck,{-1}
enable decision maker,{-1}
estimate potential change,{-1}
vehicle fleet composition,{-1}
changing built environment,{-1}
built environment scenario,{-1}
using private vehicle,{-1}
different urban area,{-1}
advancing urban planning,{-1}
effective urban management,{-1}
using mixed method,{-1}
mixed method research,{-1}
method research approach,{-1}
five identified value,{-1}
significant positive influence,{-1}
calculated electrical capacity,{-1}
electric grid company,{-1}
urban planning standard,{-1}
leading construction company,{-1}
decrease utility service,{-1}
power grid company,{-1}
electrical energy loss,{-1}
severe acute respiratory,{-1}
corresponding diagram relative,{-1}
alternative planning praxis,{-1}
east asian country,{-1}
working class people,{-1}
compartmentalized public space,{-1}
plan making process,{-1}
celebrating everyday culture,{-1}
explored empirical evidence,{-1}
space syntax accessibility,{-1}
syntax accessibility model,{-1}
draw critical insight,{-1}
contemporary city planning,{-1}
critical planning intervention,{-1}
like collaborative governance,{-1}
like khobar cohesive,{-1}
chiang mai construct,{-1}
contemporary thai youth,{-1}
conspicuous youth subculture,{-1}
especially methamphetamine use,{-1}
violent youth gang,{-1}
young thai people,{-1}
specific youth identity,{-1}
dramatic social change,{-1}
anonymous urban environment,{-1}
urban national park,{-1}
within urban area,{-1}
four national park,{-1}
four large city,{-1}
separating many park,{-1}
discuss various aspect,{-1}
urban conservation model,{-1}
talaat harb street,{-1}
high immigration rate,{-1}
various culture living,{-1}
rich urban culture,{-1}
another major problem,{-1}
daily affect chaos,{-1}
portuguese imperial history,{-1}
portuguese colonial context,{-1}
former african territory,{-1}
indirectly produce representation,{-1}
penetrating popular culture,{-1}
shared common sense,{-1}
american urban study,{-1}
urban study theorist,{-1}
martin prosperity institute,{-1}
urban planning sector,{-1}
comes enhanced efficiency,{-1}
attract innovative people,{-1}
benefit big city,{-1}
big city bring,{-1}
find real world,{-1}
real world solution,{-1}
one urban crucible,{-1}
center city business,{-1}
city business district,{-1}
emerging economic reality,{-1}
accomplish lasting change,{-1}
one powerful idea,{-1}
longest winning streak,{-1}
urban planning body,{-1}
market east transportation,{-1}
east transportation center,{-1}
postwar federal legislation,{-1}
legislation enabled city,{-1}
enabled city official,{-1}
broadly exercise eminent,{-1}
exercise eminent domain,{-1}
eminent domain power,{-1}
bulldozing whole section,{-1}
old industrial city,{-1}
integrated transportation hub,{-1}
shopping center downtown,{-1}
center downtown reverse,{-1}
reverse massive job,{-1}
massive job loss,{-1}
street pedestrian mall,{-1}
modern urban planning,{-1}
elite architecture firm,{-1}
truly seductive model,{-1}
useful permanent structure,{-1}
rejuvenating public faith,{-1}
announced new era,{-1}
offered host city,{-1}
host city opportunities,{-1}
fair took place,{-1}
played defining role,{-1}
philadelphia planning process,{-1}
main analytical point,{-1}
gain critical insight,{-1}
american industrial metropolis,{-1}
shows two quite,{-1}
urban historical process,{-1}
society urban liberalism,{-1}
time adding element,{-1}
creeping urban pessimism,{-1}
hesitant municipal leadership,{-1}
combines transit infrastructure,{-1}
urban land utilization,{-1}
urban mass transit,{-1}
foreign tod model,{-1}
regional culture differ,{-1}
successful tod case,{-1}
develop tod design,{-1}
residential environment evaluation,{-1}
environment evaluation system,{-1}
considering environmental quality,{-1}
residential environment quality,{-1}
residential environmental quality,{-1}
sustainable residential environment,{-1}
residential environmental load,{-1}
gives great influence,{-1}
performed questionnaire survey,{-1}
residential environmental satisfaction,{-1}
urban residential environment,{-1}
since early morning,{-1}
giant corliss engine,{-1}
hundred invited guest,{-1}
huge metal monster,{-1}
towering forty foot,{-1}
five major building,{-1}
group built dozen,{-1}
hires root beer,{-1}
westinghouse air brake,{-1}
first international exposition,{-1}
important cultural event,{-1}
american industrial innovation,{-1}
large arab tent,{-1}
opened philadelphia andthe,{-1}
oriental design fashion,{-1}
previously divided elite,{-1}
local political culture,{-1}
next sixty year,{-1}
combined several element,{-1}
several city agency,{-1}
public construction contract,{-1}
reformist civic organization,{-1}
played crucial role,{-1}
cultural project play,{-1}
extreme political discord,{-1}
elite network formation,{-1}
improve local performance,{-1}
solving global problem,{-1}
regional planning movement,{-1}
make great plan,{-1}
rank amongst academic,{-1}
effort towards correlation,{-1}
first local observatory,{-1}
urban observatory network,{-1}
permit un member,{-1}
un member state,{-1}
public participatory component,{-1}
rvu public event,{-1}
best finished result,{-1}
public participatory process,{-1}
toward greater linkage,{-1}
leaves sustainable development,{-1}
measuring natural capital,{-1}
allocating equal value,{-1}
final two article,{-1}
two article ask,{-1}
urban indicator project,{-1}
consider different indicator,{-1}
natural capital indicator,{-1}
capital indicator issue,{-1}
includes useful information,{-1}
capital indicator development,{-1}
good governance process,{-1}
next article specifies,{-1}
major metropolitan region,{-1}
sustainable development policy,{-1}
stepwise moral reasoning,{-1}
universal equal right,{-1}
particularly vulnerable group,{-1}
new arrival face,{-1}
difficulty upon arrival,{-1}
increasing cultural diversity,{-1}
first nations researcher,{-1}
aboriginal group constitute,{-1}
demographic cultural group,{-1}
accompanied human civilization,{-1}
control city noise,{-1}
philadelphia saving fund,{-1}
acoustically isolating people,{-1}
new built environment,{-1}
socially proactive way,{-1}
stimulate social sustainability,{-1}
decentralized urban planning,{-1}
modular building block,{-1}
one single city,{-1}
sized urban area,{-1}
urban area show,{-1}
improve living condition,{-1}
capital region plan,{-1}
medium size city,{-1}
helps reduce pressure,{-1}
total economic requirement,{-1}
energy intensive development,{-1}
intensive development pattern,{-1}
city provide example,{-1}
efficient development pattern,{-1}
provide fruitful ground,{-1}
neoliberal urban sustainability,{-1}
market economic valuation,{-1}
decentralized urban facility,{-1}
purchasing power parity,{-1}
different published literature,{-1}
socially clustered neighbourhood,{-1}
renewed vertical extension,{-1}
add significant knowledge,{-1}
historical city center,{-1}
senior museum administrator,{-1}
developing design strategy,{-1}
two case study,{-1}
four discusses narration,{-1}
proposed urban design,{-1}
urban design project,{-1}
five different city,{-1}
perceive edible flower,{-1}
possible health risk,{-1}
change governance strategy,{-1}
play important role,{-1}
urban social control,{-1}
contemporary urban response,{-1}
certain marginal group,{-1}
within securitised society,{-1}
sustainable transportation alternative,{-1}
current deteriorated state,{-1}
existing road infrastructure,{-1}
exerts undue pressure,{-1}
thereby accelerating deterioration,{-1}
sustainable neighbourhood road,{-1}
neighbourhood road infrastructure,{-1}
sustainable mobility strategy,{-1}
major mobility corridor,{-1}
outdoor open space,{-1}
major street road,{-1}
reduce transportation impact,{-1}
create civilized street,{-1}
environmental design standard,{-1}
unique urban structure,{-1}
outlined policy framework,{-1}
sustainable neighbourhood street,{-1}
neighbourhood street mobility,{-1}
street mobility network,{-1}
iranian housing culture,{-1}
urban living today,{-1}
spatial planning concept,{-1}
contemporary iranian architecture,{-1}
contemporary housing solution,{-1}
creative visual research,{-1}
visual research method,{-1}
semi structured interview,{-1}
urban material structure,{-1}
ongoing cultural practice,{-1}
integrates dynamic interaction,{-1}
illustrative case example,{-1}
shorter time scale,{-1}
scale modifying conceptualization,{-1}
especially urban design,{-1}
human situated experience,{-1}
becoming complex system,{-1}
wherein every city,{-1}
every city possess,{-1}
possess unique identity,{-1}
gaining new meaning,{-1}
largest urban conglomerate,{-1}
conventional physical entity,{-1}
emerging symbolic image,{-1}
dominant visual culture,{-1}
two major aspect,{-1}
eventful urban space,{-1}
outstanding universal value,{-1}
historic colonial centre,{-1}
heritage management tool,{-1}
colonial spanish city,{-1}
intangible heritage perspective,{-1}
meets criterion iv,{-1}
world heritage convention,{-1}
honking horn mobility,{-1}
situates colonial history,{-1}
emerging african culture,{-1}
african urban resident,{-1}
negotiated colonial politics,{-1}
floating vernacular architecture,{-1}
songkram river basin,{-1}
unique local fishery,{-1}
local fishery raft,{-1}
extract new design,{-1}
new design concept,{-1}
bamboo fishing raft,{-1}
heritage local wisdom,{-1}
affecting western country,{-1}
development oblige building,{-1}
oblige building designer,{-1}
need high quality,{-1}
quality urban space,{-1}
enhance everyday life,{-1}
life social dimension,{-1}
three urban project,{-1}
promote social interaction,{-1}
rapid decay process,{-1}
following main equipment,{-1}
site interpretation centre,{-1}
seeking international recognition,{-1}
nearby historical site,{-1}
multiple interpretation strategy,{-1}
expectation within site,{-1}
within site interpretation,{-1}
received limited attention,{-1}
specific site interpretation,{-1}
spiritual experience expectation,{-1}
research analysed visitor,{-1}
related scholarship discussion,{-1}
visit site interpretation,{-1}
south american continent,{-1}
american continent thanks,{-1}
brings new quality,{-1}
using beautiful landscape,{-1}
cure allowing people,{-1}
previously existing housing,{-1}
new cultural function,{-1}
three chilean architect,{-1}
greatest natural resource,{-1}
low population density,{-1}
caused large area,{-1}
first winter expedition,{-1}
mountains took place,{-1}
first tourist expedition,{-1}
patagonia took place,{-1}
hard natural condition,{-1}
create modern architecture,{-1}
ville des jardins,{-1}
early nineteenth century,{-1}
urban planning committee,{-1}
commodity whose purpose,{-1}
many floating fishing,{-1}
floating fishing village,{-1}
rapid population growth,{-1}
living space organization,{-1}
largest floating village,{-1}
promote floating community,{-1}
unique heritage culture,{-1}
precious traditional value,{-1}
sustainable floating village,{-1}
sustainable floating community,{-1}
living space concept,{-1}
increasing livelihood income,{-1}
using energy system,{-1}
catalyze economic development,{-1}
making strategic use,{-1}
generating real business,{-1}
real business result,{-1}
public policy strategy,{-1}
identify talent retention,{-1}
talent retention strategy,{-1}
conceptualizing smart city,{-1}
smarter urban space,{-1}
using modern technology,{-1}
like real estate,{-1}
per indian standard,{-1}
ensure comparative advantage,{-1}
certain key parameter,{-1}
literature six core,{-1}
six core parameter,{-1}
ict enable indicator,{-1}
progress towards city,{-1}
towards city transformation,{-1}
many urban geographer,{-1}
urban geographer opine,{-1}
similar urban conglomeration,{-1}
mobility embedded system,{-1}
developed human mobility,{-1}
human mobility system,{-1}
using random way,{-1}
random way point,{-1}
random walk method,{-1}
place within area,{-1}
needs less memory,{-1}
biggest population city,{-1}
three million people,{-1}
million people population,{-1}
two different place,{-1}
biggest public garden,{-1}
gives good method,{-1}
build smart transportation,{-1}
city using mobility,{-1}
help urban decision,{-1}
generate smart city,{-1}
smart energy dorm,{-1}
european energy politics,{-1}
single building scale,{-1}
adequate intervention strategy,{-1}
facilitating virtuous relationship,{-1}
namely relational comfort,{-1}
university student residence,{-1}
san bartolomeo student,{-1}
bartolomeo student dorm,{-1}
existing building complex,{-1}
overall comfort level,{-1}
east japan earthquake,{-1}
drew respective plan,{-1}
planning central city,{-1}
central city area,{-1}
unprecedented national crisis,{-1}
securing financial resource,{-1}
identifying afflicted area,{-1}
integrated national measure,{-1}
back better concept,{-1}
promoting dramatic measure,{-1}
also reconstruction measure,{-1}
lead prosperous life,{-1}
honoring local culture,{-1}
afflicted local government,{-1}
significantly larger budget,{-1}
larger budget fund,{-1}
affected city area,{-1}
lead city center,{-1}
city center towards,{-1}
center towards recovery,{-1}
allows prefectural government,{-1}
tsunami hazard zone,{-1}
make integrated town,{-1}
integrated town plan,{-1}
tsunami disaster prevention,{-1}
presumed tsunami hazard,{-1}
tsunami warning zone,{-1}
normal town planning,{-1}
public space play,{-1}
everyday public space,{-1}
space like sidewalk,{-1}
establish neighborhood legitimacy,{-1}
authentic public practice,{-1}
formerly latino neighborhood,{-1}
different cultural complex,{-1}
cultural complex interpret,{-1}
longtime neighborhood resident,{-1}
neighborhood resident feel,{-1}
publicly accessible space,{-1}
home culture research,{-1}
studied bathroom transformation,{-1}
leads many people,{-1}
little bathroom space,{-1}
universal design principal,{-1}
design small bathroom,{-1}
cross disciplinary field,{-1}
afer economic liberalisation,{-1}
modern global power,{-1}
elicited multiple interpretation,{-1}
propel economic growth,{-1}
urban development policy,{-1}
remain exclusionary space,{-1}
stated public commitment,{-1}
historical district soundscape,{-1}
urban historic district,{-1}
study result show,{-1}
urban cultural ecology,{-1}
urban design strategy,{-1}
element historic district,{-1}
historic district characteristic,{-1}
historic culture life,{-1}
tianjin wudadao district,{-1}
day care unit,{-1}
abstract metaphorical design,{-1}
modern residence design,{-1}
architectural space efficacy,{-1}
international design competition,{-1}
large sport center,{-1}
small architectural space,{-1}
architectural space evolution,{-1}
railway passenger station,{-1}
himalayan water tower,{-1}
london city hall,{-1}
architecture internal space,{-1}
chinese traditional culture,{-1}
chinese architectural design,{-1}
office building design,{-1}
modern residential design,{-1}
current architectural art,{-1}
architectural art teaching,{-1}
acoustic test report,{-1}
three outdoor courtyard,{-1}
shenyang palace museum,{-1}
building energy conservation,{-1}
energy conservation design,{-1}
conservation design response,{-1}
urban underground space,{-1}
enclosed target lane,{-1}
indoor thermal environment,{-1}
dai nationality wood,{-1}
nationality wood dwelling,{-1}
core evaluation system,{-1}
natural lighting modification,{-1}
thing smart home,{-1}
smart home service,{-1}
home service operation,{-1}
service operation support,{-1}
operation support platform,{-1}
old industrial building,{-1}
uniaxial compressive load,{-1}
sound absorption property,{-1}
porous concrete pavement,{-1}
concrete pavement layer,{-1}
chloride ion penetrability,{-1}
compound corrosion inhibitor,{-1}
using grey model,{-1}
flattened brazilian disc,{-1}
brazilian disc specimen,{-1}
static diametral compression,{-1}
diametral compression test,{-1}
different replacement rate,{-1}
aggregate concrete research,{-1}
various replacement rate,{-1}
rate experimental study,{-1}
masonry mechanical property,{-1}
irregular small stone,{-1}
corrosion resistance performance,{-1}
blended cement concrete,{-1}
dynamic response test,{-1}
reinforced concrete slab,{-1}
different curing temperature,{-1}
grouting material property,{-1}
reinforced concrete beam,{-1}
prestressed rc hollow,{-1}
rc hollow slabs,{-1}
deformation index limit,{-1}
rc shear wall,{-1}
blast furnace slag,{-1}
slag concrete beams,{-1}
carbon fiber sheet,{-1}
concrete containing ground,{-1}
containing ground iron,{-1}
recycled aggregate concrete,{-1}
rapid repair concrete,{-1}
toughness fiber concrete,{-1}
frost scaling resistance,{-1}
antifreeze concretes design,{-1}
recycled masonry mortar,{-1}
recycled ceramic tile,{-1}
pumice powder cement,{-1}
powder cement soil,{-1}
new building material,{-1}
reutilization refractory material,{-1}
combined aggregate concrete,{-1}
different grain grading,{-1}
glazed hollow bead,{-1}
finite element analysis,{-1}
beam embedded shape,{-1}
embedded shape memory,{-1}
shape memory alloy,{-1}
evaluation index system,{-1}
rural residential building,{-1}
force multiplier mechanism,{-1}
wave power generation,{-1}
water heating system,{-1}
heating system design,{-1}
energy efficiency design,{-1}
autoclaved aerated concrete,{-1}
aerated concrete block,{-1}
building energy audit,{-1}
urban traffic jam,{-1}
gorge reservoir area,{-1}
reservoir area planning,{-1}
de former residence,{-1}
former residence tourism,{-1}
residence tourism environment,{-1}
digital urban planning,{-1}
urban planning management,{-1}
new rural living,{-1}
rural living environment,{-1}
creative industrial park,{-1}
suzhou central city,{-1}
spatial evolution characteristic,{-1}
main urban area,{-1}
rural human settlement,{-1}
settlement supporting education,{-1}
supporting education facility,{-1}
historical architecture renovation,{-1}
architecture renovation strategy,{-1}
plain economic region,{-1}
settlement spatial form,{-1}
spatial form design,{-1}
form design strategy,{-1}
fractal structure characteristic,{-1}
tuanbo new town,{-1}
town west district,{-1}
urban historic conservation,{-1}
historic conservation area,{-1}
amid cultural prosperity,{-1}
old urban housing,{-1}
urban housing area,{-1}
people livelihood happiness,{-1}
koguryo cultural heritage,{-1}
cultural heritage protection,{-1}
commercial pedestrian street,{-1}
traditional chinese landscape,{-1}
chinese landscape architecture,{-1}
community environment design,{-1}
reclaimed water reuse,{-1}
water reuse project,{-1}
recirculating cooling water,{-1}
thermal power plant,{-1}
spherical cus photocatalyst,{-1}
hydraulic retention time,{-1}
pollutant removal performance,{-1}
biological contact oxidation,{-1}
contact oxidation process,{-1}
process treating hospital,{-1}
treating hospital wastewater,{-1}
chlorine decay model,{-1}
shared cultural ideal,{-1}
one hundred year,{-1}
social ideal play,{-1}
especially poor race,{-1}
poor race relation,{-1}
nearly every aspect,{-1}
alternative transportation infrastructure,{-1}
transportation infrastructure project,{-1}
provide ethnographic snapshot,{-1}
urban environment design,{-1}
environmental pollution effect,{-1}
resulting health hazard,{-1}
local economic development,{-1}
establish environmental health,{-1}
environmental health management,{-1}
health management system,{-1}
heavy metal pollution,{-1}
evaluates land use,{-1}
several commuter rail,{-1}
freight rail corridor,{-1}
populate urban rail,{-1}
urban rail corridor,{-1}
heavy load requirement,{-1}
diesel multiple unit,{-1}
increased fuel efficiency,{-1}
heavy rail system,{-1}
enhance commuter experience,{-1}
willingly embrace opportunity,{-1}
aqueous lignin solution,{-1}
dimethyl ether synthesis,{-1}
synthesis via methanol,{-1}
via methanol dehydration,{-1}
using hydrochloric acid,{-1}
ldpe plastic waste,{-1}
mortar cement catalyst,{-1}
electron beam irradiation,{-1}
recycle epoxy resin,{-1}
waste printed circuit,{-1}
printed circuit board,{-1}
polymer composite membrane,{-1}
composite membrane property,{-1}
direct methanol fuel,{-1}
methanol fuel cell,{-1}
fuel cell performance,{-1}
frequency microwave curing,{-1}
composite using powder,{-1}
using powder alkoxide,{-1}
tin thin film,{-1}
dc reactive sputtering,{-1}
solubilization using surfactant,{-1}
silk fibroin microspheres,{-1}
three dimensional cell,{-1}
dimensional cell culture,{-1}
crude palm oil,{-1}
fly ash granule,{-1}
enhance biological phosphorus,{-1}
biological phosphorus removal,{-1}
phosphorus removal system,{-1}
brine solution recovery,{-1}
direct contact membrane,{-1}
contact membrane distillation,{-1}
using vacuum ultraviolet,{-1}
removl using silk,{-1}
using silk sericin,{-1}
silk sericin powder,{-1}
optimized ageing parameter,{-1}
strain measuring device,{-1}
stainless steel sheet,{-1}
optimum cutting condition,{-1}
milling mold steel,{-1}
tuning optical property,{-1}
electrospun titanium dioxide,{-1}
titanium dioxide nanofibers,{-1}
controlling particle size,{-1}
aluminum bronze alloy,{-1}
hot compression test,{-1}
electrodeposited copper coating,{-1}
flame jet cutting,{-1}
material temperature distribution,{-1}
rbd palm olein,{-1}
hydraulic pump performance,{-1}
two different method,{-1}
optimizing mix proportion,{-1}
concrete containing plastic,{-1}
containing plastic waste,{-1}
clay brick powder,{-1}
asr expansion control,{-1}
rhyolite mortar bar,{-1}
compressive strain monitoring,{-1}
early age property,{-1}
activated brown coal,{-1}
fly ash binder,{-1}
shear strength prediction,{-1}
concrete deep beam,{-1}
reinforced concrete school,{-1}
concrete school building,{-1}
low seismic region,{-1}
using ambient noise,{-1}
ambient noise method,{-1}
horizontally mounted bender,{-1}
mounted bender element,{-1}
measuring shear modulus,{-1}
soaked sand specimen,{-1}
multistage triaxial test,{-1}
prefabricated concrete building,{-1}
travel time estimation,{-1}
motorcycle speed profile,{-1}
road traffic fatality,{-1}
traffic fatality analysis,{-1}
road project implementation,{-1}
asian developing city,{-1}
vehicle routing problem,{-1}
routing problem model,{-1}
fire safety evacuation,{-1}
safety evacuation plan,{-1}
developed driving cycle,{-1}
heat island intensity,{-1}
chiang mai city,{-1}
mobile surveying approach,{-1}
assessing water consumption,{-1}
resin manufacturing process,{-1}
life cycle assessment,{-1}
adding biomass fly,{-1}
biomass fly ash,{-1}
tree pruning waste,{-1}
waste activated carbon,{-1}
acid dye wastewater,{-1}
dye wastewater treatment,{-1}
concentration affecting people,{-1}
bacterial cellulose production,{-1}
gps precipitable water,{-1}
precipitable water vapor,{-1}
water vapor data,{-1}
zenith wet delay,{-1}
phi phi island,{-1}
artisanal buladu gold,{-1}
buladu gold mine,{-1}
slow release fertilizer,{-1}
para rubber industry,{-1}
maximum flood peak,{-1}
nam phong river,{-1}
phong river basin,{-1}
lateral inflow approximation,{-1}
groundwater using subsurface,{-1}
using subsurface drain,{-1}
slow sand filter,{-1}
reuse drainage water,{-1}
fault protection system,{-1}
power distribution network,{-1}
wireless power transmission,{-1}
mhz frequency inverter,{-1}
double dual boost,{-1}
dual boost converter,{-1}
renewable energy system,{-1}
neuron cmos inverter,{-1}
high precision vector,{-1}
precision vector summation,{-1}
vector summation circuit,{-1}
error flag framework,{-1}
several contention window,{-1}
contention window adjustment,{-1}
window adjustment technique,{-1}
improving unsaturated throughput,{-1}
multilayer polarization beam,{-1}
polarization beam splitter,{-1}
copper wire placement,{-1}
wire placement speed,{-1}
placement speed analysis,{-1}
fluidized bed combustor,{-1}
solid oxide fuel,{-1}
oxide fuel cell,{-1}
cell controlling robot,{-1}
using thai speech,{-1}
thai speech recognition,{-1}
board motorcycle system,{-1}
road driving pattern,{-1}
city urban environment,{-1}
healthy city issue,{-1}
healthy city project,{-1}
urban environmental quality,{-1}
tendency oriented towards,{-1}
subtropical climate zone,{-1}
psychological environment supportive,{-1}
accelerated urbanization process,{-1}
faced unprecedented difficulty,{-1}
urban living environment,{-1}
whole moral decline,{-1}
modern urban people,{-1}
help city dweller,{-1}
simple short calm,{-1}
quiet indifferent way,{-1}
livable environmental evaluation,{-1}
remote sensing technology,{-1}
two outstanding index,{-1}
remote sensing data,{-1}
remote sensing information,{-1}
information includes content,{-1}
urban heat effect,{-1}
vegetation fraction estimation,{-1}
water conservation district,{-1}
urban open area,{-1}
comprehensive evaluation model,{-1}
eliminate redundancy information,{-1}
improve human settlement,{-1}
change management project,{-1}
culture organizational culture,{-1}
good project manager,{-1}
first civil engineer,{-1}
civil engineer construct,{-1}
construct seventh century,{-1}
seventh century suspension,{-1}
century suspension bridge,{-1}
longest lasting civilization,{-1}
maya held domain,{-1}
scientifically based culture,{-1}
seven hundred year,{-1}
ingenious engineering application,{-1}
application including manufacturing,{-1}
ceremonial urban center,{-1}
civil engineering history,{-1}
meter center span,{-1}
second largest city,{-1}
los angeles basin,{-1}
diverse cultural group,{-1}
largest cambodian community,{-1}
sustainable regional level,{-1}
regional level water,{-1}
level water management,{-1}
water management plan,{-1}
current global concern,{-1}
ensuring optimal development,{-1}
fulfilling national goal,{-1}
every five year,{-1}
faces many challenge,{-1}
sets new paradigms,{-1}
decentralized water management,{-1}
private sector participation,{-1}
nontraditional financing modality,{-1}
large attraction park,{-1}
offer transport service,{-1}
public transport company,{-1}
good information sharing,{-1}
politically induced resistance,{-1}
achieving reasonable level,{-1}
politically offensive system,{-1}
created negative attitude,{-1}
population towards authority,{-1}
indeed towards service,{-1}
towards service provider,{-1}
evolving political system,{-1}
housing rental repayment,{-1}
new democratic government,{-1}
sense upon government,{-1}
water authority persuasiveness,{-1}
many different dimension,{0}
study big city,{0}
conceiving urban space,{0}
later japanese architect,{0}
create urban study,{0}
emerging urban space,{0}
represented critical aspect,{0}
japanese urban study,{0}
rather country people,{0}
paradigm shift towards,{0}
shift towards urbanity,{0}
nordic welfare context,{0}
extensive spatial revaluation,{0}
justify capitalist development,{0}
moving towards completion,{0}
allowed real estate,{0}
real estate developer,{0}
dictate urban planning,{0}
also cultural policy,{0}
urban planning model,{0}
comprehensive comparative study,{0}
english garden city,{0}
plan voisin concept,{0}
western urban model,{0}
also gave rise,{1}
becoming undesirable facility,{1}
weakened social health,{1}
study examined way,{1}
improved building plan,{1}
mostly favorable view,{1}
building spare space,{1}
showed vital idea,{1}
promoting social health,{1}
allow social mixture,{1}
different feasible manner,{1}
public space face,{1}
control commercial signage,{1}
different urban contexts,{1}
different commenrcial signage,{1}
commenrcial signage approach,{1}
different historic city,{1}
contrasting empirical study,{1}
historic city centre,{1}
book examines question,{1}
commercial signage control,{1}
signage control management,{1}
environment behaviour approach,{1}
fact visual preference,{1}
recommend general guideline,{1}
recommend design principle,{1}
create commercial streetscapes,{1}
product urban design,{1}
different urban imaginary,{1}
urban interior design,{1}
room without roof,{1}
american economic development,{1}
community development program,{1}
supporting small business,{1}
supporting public life,{1}
extensive behavior mapping,{1}
result offour quality,{1}
economic development policy,{1}
small business influence,{1}
immediate public space,{1}
business provide quality,{1}
creating livable city,{1}
become better citizen,{1}
sound cultural development,{1}
strengthening community relation,{1}
different social milieu,{1}
potential discussion area,{1}
area include deployment,{1}
creating tax incentive,{1}
corporate social responsibility,{1}
social responsibility program,{1}
restructuring public process,{1}
among different generation,{1}
social interaction happen,{1}
considered important part,{1}
life within city,{1}
contrarily increase isolation,{1}
created new challenge,{1}
urban outdoor place,{1}
public outdoor place,{1}
kwong et al,{1}
successful open space,{1}
thorsson et al,{1}
outdoor public place,{1}
small anatolian city,{1}
anadolu kenti incelemesi,{1}
different interest converge,{1}
analyzed using space,{1}
using space syntax,{1}
space syntax methodology,{1}
small anatolian town,{1}
historic city center,{1}
pedestrian movement observation,{1}
utilize prior knowledge,{1}
regional cultural expression,{1}
three brazilian state,{1}
affects energy consumption,{1}
providing appropriate space,{1}
facilitating social relation,{1}
satisfy high functional,{1}
main design strategy,{1}
representative public area,{1}
classifies different approach,{1}
new glazing material,{1}
resulting aesthetic order,{1}
new architectural solution,{1}
urban land use,{1}
old city center,{1}
middle income people,{1}
ensure effective allocation,{1}
social development goal,{1}
irbid city downtown,{1}
designed space relies,{1}
designer personal perception,{1}
downtown commercial area,{1}
also provides organization,{1}
two important role,{1}
paper offers recommendation,{1}
modern city development,{1}
sustainable design assessment,{1}
spectacular public culture,{1}
public culture event,{1}
every four year,{1}
urban transformation impact,{1}
main critical decision,{1}
reviews several case,{1}
several case study,{1}
sustainable urban design,{1}
main urban design,{1}
urban design element,{1}
design sustainable assessment,{1}
urban design factor,{1}
sustainable key factor,{1}
public square case,{1}
square case study,{1}
dutch square melaka,{1}
major constituent element,{1}
public space network,{1}
community social interaction,{1}
new public space,{1}
public open space,{1}
day square design,{1}
local climatic context,{1}
avoid social interaction,{1}
undesirable weather condition,{1}
malaysian local context,{1}
allow independent functioning,{1}
including ict technology,{1}
greatly reduced vision,{1}
total country population,{1}
unified warning system,{1}
contemporary public space,{1}
longer silent study,{1}
silent study hall,{1}
closed storage room,{1}
almost inaccessible book,{1}
welcoming public space,{1}
create interesting form,{1}
time symbolizing knowledge,{1}
urban public space,{1}
designing urban space,{1}
since past century,{1}
analyzing urban space,{1}
different urban space,{1}
directly influence culture,{1}
used library document,{1}
research background information,{1}
urban design criterion,{1}
urban space design,{1}
two different season,{1}
people different pattern,{1}
quality encouraging people,{1}
like climatic comfort,{1}
play effective role,{1}
human physical characteristic,{1}
two different scale,{1}
includes shaded part,{1}
space orientation parallel,{1}
open space happens,{1}
high unpleasant humidity,{1}
urban open space,{1}
formulating design guideline,{1}
two fallowing factor,{1}
cold winter weather,{1}
mountainous climate show,{1}
direct wind flow,{1}
designing open space,{1}
provide favorable sunlight,{1}
cold winter day,{1}
design urban space,{1}
increased direct sunlight,{1}
design crowded space,{1}
provide favorable shade,{1}
existing urban space,{1}
people social life,{1}
long term study,{1}
providing sunny space,{1}
quality public space,{1}
public space creation,{1}
city space attractiveness,{1}
poznan city centre,{1}
attractive function implementation,{1}
public space activization,{1}
city centre space,{1}
attractive public space,{1}
various area public,{1}
area public park,{1}
major urban plazas,{1}
greater amman area,{1}
two urban plaza,{1}
residential commercial district,{1}
contemporary urban life,{1}
small business sector,{1}
