Cluster,DocId,key-phrases,candidate-count,phrase-candidates
8,6,"['Flood risk mapping', 'machine learning technique', 'Urban flood risk', 'flood hazard determination', 'hydrological data']",94,"['Flood risk mapping', 'flood hazard determination', 'flood risk map', 'Urban flood risk', 'flood vulnerability map', 'flood risk', 'flood hazard', 'urban flood damage', 'flood vulnerability', 'Urban flood', 'flood conditioning', 'flooded area', 'flood conditioning factor', 'risk mapping', 'risk map', 'flood damage', 'flood', 'machine learning technique', 'vulnerability map', 'hydrological data', 'hazard determination', 'machine learning', 'hydraulic data', 'urban density', 'map', 'GARP model', 'mapping', 'land use', 'precipitation', 'elevation', 'Sari city', 'city', 'characteristic curve', 'population density', 'whereas population density', 'building', 'accuracy', 'conditioning factor', 'performance accuracy', 'model performance', 'expert', 'data', 'Different conditioning factor', 'modeling', 'expert knowledge', 'risk', 'field survey', 'slope', 'area', 'learning technique', 'population', 'hazard', 'land', 'vulnerability', 'important factor', 'learning', 'whereas population', 'comparative study', 'curve number', 'QUEST model', 'zone', 'damage', 'available report', 'report', 'curve', 'Different conditioning', 'quality', 'model', 'distance', 'survey', 'use', 'field', 'machine', 'number', 'weight', 'knowledge', 'conditioning', 'value', 'density', 'study', 'role', 'major role', 'account', 'factor', 'performance', 'condition', 'technique', 'result', 'determination', 'point', 'age', 'addition', 'term', 'demonstrate']"
8,67,"['Landslide susceptibility mapping', 'random forest', 'urban planning', 'Spatial prediction', 'geotechnical investigation']",84,"['Landslide susceptibility mapping', 'landslide susceptibility evaluation', 'landslide risk management', 'landslide susceptibility', 'landslide risk', 'landslide causal factor', 'landslide location', 'landslide inventory map', 'landslide causal', 'random forest', 'Spatial prediction', 'fourteen landslide causal', 'landslide inventory', 'geotechnical investigation report', 'geotechnical investigation', 'landslide', 'ROC curve analysis', 'initial fourteen landslide', 'urban planning', 'ROC curve', 'susceptibility evaluation', 'statistical model', 'susceptibility mapping', 'certainty factor', 'fourteen landslide', 'forest', 'mapping', 'map', 'prediction', 'correlation analysis', 'curve analysis', 'entropy', 'susceptibility', 'factor correlation analysis', 'risk management', 'model training', 'accuracy', 'effective causal factor', 'correlation', 'causal factor', 'weight coefficient', 'effective causal', 'aerial image', 'factor correlation', 'field survey', 'risk', 'certainty', 'planning', 'RF model', 'curve', 'inventory map', 'respective optimal case', 'IOE model', 'causal', 'location', 'investigation report', 'redundant factor', 'report', 'frequency ratio', 'coefficient', 'field', 'analysis', 'model', 'training', 'machine', 'optimal case', 'index', 'verification', 'frequency', 'factor', 'survey', 'management', 'result', 'receiver', 'image', 'ratio', 'performance', 'combination', 'study', 'investigation', 'evaluation', 'different combination', 'inventory', 'case']"
8,120,"['Landslide susceptibility assessment', 'wildfire burnt area', 'machine learning technique', 'satellite data', 'vegetation']",130,"['Landslide susceptibility assessment', 'Landslide susceptibility', 'landslide risk', 'wildfire burnt area', 'landslide worldwide', 'burnt catchment', 'landslide', 'precipitation', 'burnt area', 'wildfire', 'debris flow', 'slope', 'vegetation', 'flood', 'precipitation duration', 'Weather condition change', 'thematic map', 'machine learning', 'machine learning technique', 'satellite data', 'urban planning', 'fire', 'satellite image', 'Agnano hill', 'catchment', 'map', 'Weather condition', 'statistical approach', 'Climate change', 'land', 'new statistical approach', 'susceptibility assessment', 'storm', 'area', 'populated neighbourhood', 'data', 'hill', 'debris', 'disaster', 'safety monitoring', 'Many difficulty', 'occurrence', 'human activity', 'learning technique', 'likelihood', 'decision maker', 'analysis', 'database', 'learning', 'previous knowledge', 'study area', 'susceptibility', 'satellite', 'trigger mechanism', 'risk', 'planning', 'difficulty', 'safety', 'different trigger', 'predisposing factor', 'pasture', 'trigger', 'construction', 'different trigger mechanism', 'application', 'main sensitive area', 'new land', 'flow', 'intensity', 'year', 'database consisting', 'assessment', 'construction purpose', 'environment', 'relationship', 'local agency', 'neighbourhood', 'sensitive area', 'activity', 'condition change', 'composition', 'knowledge', 'territory', 'response', 'agency', 'characteristic', 'mechanism', 'technique', 'triggering', 'study', 'predisposing', 'band composition', 'cause', 'phase', 'decision', 'image', 'duration', 'factor', 'monitoring', 'approach', 'machine', 'Processing', 'following phase', 'world', 'origin', 'last year', 'large number', 'change', 'ability', 'operation', 'many part', 'purpose', 'work', 'worldwide', 'consisting', 'scope', 'latter', 'man', 'fact', 'condition', 'number', 'recent decade', 'attempt', 'maker', 'present work', 'band', 'main operation', 'part', 'decade', 'availability']"
8,121,"['urban pluvial flood', 'location problem model', 'emergency response centre', 'urban planning', 'maximum coverage location']",170,"['urban pluvial flood', 'pluvial flood vulnerability', 'location problem model', 'flood vulnerability', 'location allocation model', 'urban planning', 'flooding', 'urban area', 'maximum coverage location', 'ideal location allocation', 'pluvial flooding', 'location allocation method', 'optimal location', 'coverage location problem', 'location allocation', 'flood event', 'ERC spatial planning', 'towards urban planning', 'pluvial flood', 'emergency response centre', 'flood', 'spatial planning', 'coverage location', 'geographic information system', 'location problem', 'multiple layer perceptron', 'layer perceptron', 'geographic information', 'prompt emergency response', 'emergency response', 'allocated location', 'late emergency response', 'water storage site', 'risk mitigation', 'rainfall event', 'maximum coverage', 'ideal location', 'Damansara River basin', 'River basin', 'current allocated location', 'MLP variable', 'accurate ERC spatial', 'allocation model', 'residential building', 'historical flood event', 'problem model', 'water storage', 'response centre', 'perceptron', 'probability model', 'optimised PF probability', 'historical flood', 'allocation method', 'ERC spatial', 'optimal allocation', 'spatial', 'PF probability model', 'planning', 'meteorological station', 'location', 'area', 'multiple scenario', 'additional pavement', 'prompt emergency', 'multiple layer', 'coverage', 'current location', 'Allocation', 'study area', 'demand point', 'PF probability', 'downtown', 'basin', 'building', 'late emergency', 'climate', 'vulnerable inhabitant', 'probability', 'prediction', 'mitigation', 'emergency', 'police station', 'high PF probability', 'estimation', 'km radius', 'pavement', 'global climate', 'integrated multiple layer', 'layer attribute', 'layer', 'essential service', 'storage site', 'water', 'global climate change', 'ERC', 'military camp', 'information system', 'climate change', 'radius', 'uncertainty', 'centre', 'inventory event', 'road', 'storage', 'redundant', 'inhabitant', 'risk', 'Taguchi method', 'station', 'vulnerable people', 'hospital', 'basis', 'parameter', 'km', 'data', 'police', 'ideal time', 'rate', 'fire', 'information', 'scenario', 'response', 'information system platform', 'service', 'inventory', 'vulnerability', 'Minimum impedance', 'problem', 'situation', 'method', 'model', 'uncertainty exist', 'demand', 'current situation', 'variable', 'cost', 'intensity', 'impedance', 'class', 'machine', 'system', 'event', 'towards', 'system platform', 'development', 'people', 'increase', 'camp', 'frequency', 'site', 'human life', 'addition', 'point', 'seed', 'platform', 'recent machine', 'attribute', 'growth', 'momentum', 'study', 'crucial step towards', 'Result', 'change', 'time', 'term', 'crucial step', 'exist', 'life', 'step', 'step towards']"
8,130,"['landslide susceptibility mapping', 'machine learning technique', 'frequent natural disaster', 'geological factor', 'susceptibility assessment']",132,"['landslide susceptibility mapping', 'landslide susceptibility assessment', 'landslide susceptibility evaluation', 'landslide susceptibility simulation', 'landslide susceptibility', 'landslide prevention', 'landslide inventory', 'frequent natural disaster', 'historical landslide', 'susceptibility map', 'topography', 'susceptibility evaluation', 'landslide', 'susceptibility mapping', 'topography factor', 'geological factor', 'susceptibility simulation', 'susceptibility assessment', 'machine learning technique', 'natural disaster', 'geographical spatial distribution', 'significant model performance', 'frequency ratio model', 'predictive ability', 'spatial distribution', 'machine learning', 'RF model training', 'geospatial database', 'susceptibility class', 'susceptibility', 'mapping', 'RF model', 'training dataset', 'urban planning', 'significant model', 'low susceptibility class', 'model performance', 'frequency ratio', 'conditioning factor', 'satellite image', 'map', 'low susceptibility', 'accuracy', 'reliability', 'extensive field survey', 'ratio model', 'FR model', 'random', 'secondary conditioning factor', 'entire area', 'test dataset', 'model training', 'dataset', 'primary conditioning factor', 'learning technique', 'datasets', 'field survey', 'environmental factor', 'Yunyang county', 'model mathematical analysis', 'coincidence degree', 'LSM model', 'disaster', 'frequency', 'analysis result', 'theoretical basis', 'area', 'application', 'evaluation factor', 'learning', 'extensive field', 'distribution', 'curve', 'primary conditioning', 'study area', 'evaluation factor library', 'human engineering activity', 'database', 'human engineering', 'stability', 'coincidence', 'mathematical analysis', 'engineering activity', 'adequate response', 'planning', 'engineering', 'ability', 'ratio', 'basis', 'factor library', 'response', 'model', 'county', 'secondary conditioning', 'field', 'technique', 'factor', 'conditioning', 'mitigation', 'precision', 'receiver', 'simulation', 'analysis', 'outcome', 'importance', 'performance', 'degree', 'training', 'value', 'assessment', 'tool', 'research', 'result', 'survey', 'class', 'influence', 'activity', 'study', 'image', 'library', 'hand', 'evaluation', 'record', 'machine', 'prevention', 'historical record', 'test', 'inventory', 'demand', 'medium', 'addition', 'difference']"
8,154,"['flooding prediction', 'rainfall threshold line', 'pluvial flood event', 'urban catchment', 'several rainfall']",121,"['flooding prediction', 'pluvial flooding prediction', 'Urban pluvial flooding', 'flood occurrence', 'pluvial flood event', 'rainfall threshold line', 'rainfall threshold', 'flood event', 'pluvial flooding', 'rainfall curve', 'rainfall intensity', 'critical rainfall curve', 'frequent pluvial flood', 'critical rainfall', 'flooding', 'several rainfall', 'conventional critical rainfall', 'pluvial flood', 'flood', 'urban catchment', 'rainfall', 'precipitation characteristic', 'urban water manager', 'machine learning', 'precipitation', 'ML model', 'urban water', 'early warning system', 'hydraulic model', 'prediction', 'warning system', 'discriminant analysis', 'urban area', 'catchment', 'early warning', 'emergency planning', 'future climate', 'water manager', 'water manager aim', 'climate', 'threatening natural hazard', 'false alert rate', 'natural hazard', 'subspace discriminant analysis', 'false alert', 'city', 'rational information', 'Shenzhen city', 'warning', 'accuracy', 'alert rate', 'threshold line', 'water', 'learning', 'critical index', 'true positive rate', 'simulation accuracy', 'data', 'computational complexity', 'conventional model', 'future', 'threshold', 'principal component', 'large volume', 'planning', 'peak intensity', 'emergency action', 'risky area', 'alert', 'machine', 'characteristic', 'arrival time', 'area', 'occurrence', 'model', 'year', 'plane', 'rate', 'positive rate', 'binary result', 'volume', 'information', 'hazard', 'subspace', 'analysis', 'event', 'recent year', 'inhabitant', 'contingency', 'curve', 'complexity', 'emergency', 'manager', 'intensity', 'simulation', 'system', 'paper', 'manager aim', 'study', 'great extent', 'duration', 'line', 'method', 'case study', 'time', 'index', 'action', 'world', 'case', 'frequency', 'extent', 'aim', 'combination', 'component', 'result', 'different combination', 'order', 'aftermath', 'approach', 'Previous study', 'subsequent aftermath']"
8,168,"['landslide susceptibility model', 'machine learning', 'land planning', 'rainfall', 'hazard mitigation']",99,"['landslide susceptibility model', 'landslide susceptibility', 'landslide hazard', 'shallow landslide susceptibility', 'landslide risk', 'potential landslide runout', 'potential landslide', 'shallow landslide', 'landslide detachment', 'shallow landslide detachment', 'landslide runout', 'landslide', 'hazard mitigation', 'mountainous landscape', 'urban planning', 'hazard mitigation measure', 'rainfall', 'terraced coastal landscape', 'land planning', 'machine learning', 'Geographical Information', 'susceptibility map', 'coastal landscape', 'urban planning approach', 'steep territory', 'machine learning technique', 'susceptibility model', 'susceptibility mapping', 'obtained susceptibility map', 'mapping', 'map', 'runout susceptibility mapping', 'Ensemble approach', 'susceptibility', 'runout susceptibility', 'land', 'landscape', 'planning approach', 'obtained susceptibility', 'severe event', 'area', 'practice hiking', 'mitigation measure', 'beach', 'hiking', 'decision maker', 'several fatality', 'planning', 'risk', 'mitigation', 'beach holiday', 'combined approach', 'learning', 'learning technique', 'database', 'analysis', 'potential runout', 'fatality', 'hazard', 'method', 'tourist', 'reach angle', 'territory', 'runout process', 'high level', 'damage', 'runout', 'decision', 'future', 'model', 'technique', 'Information', 'approach', 'rugged', 'reach', 'level', 'angle', 'foreign tourist', 'machine', 'stakeholder', 'input', 'serious threat', 'threat', 'measure', 'event', 'detachment', 'factor', 'procedure', 'study', 'process', 'world', 'practice', 'visit', 'transit', 'maker', 'issue', 'holiday', 'euros', 'adoption']"
8,221,"['water demand modeling', 'machine learning', 'census tract', 'urban planning decision', 'socioeconomic inequality']",72,"['water demand modeling', 'urban planning', 'water demand pattern', 'predictive model', 'water demand', 'water management', 'urban planning decision', 'machine learning', 'artificial neural network', 'neural network', 'demand modeling', 'census tract', 'planning decision', 'city', 'map', 'demand pattern', 'socioeconomic inequality', 'capita income', 'census block', 'spatial scale', 'water', 'strong socioeconomic inequality', 'census', 'learning', 'household characteristic', 'iterative approach', 'modeling', 'economic aspect', 'planning', 'analysis', 'input variable', 'country', 'income', 'demand', 'household', 'model', 'environment', 'education level', 'scale', 'practical information', 'coarse scale', 'direct relationship', 'input', 'nature', 'machine', 'network', 'variable', 'management', 'pattern', 'study', 'inequality', 'information', 'decision', 'redundancy', 'minimum redundancy', 'fine scale', 'relationship', 'RF technique', 'education', 'characteristic', 'different level', 'level', 'tract', 'CB scale', 'technique', 'block', 'effort', 'CT scale', 'aspect', 'recent effort', 'challenge', 'approach']"
8,226,"['water quality timeseries', 'Deep neural network', 'smart environment', 'Outlet water', 'fuzzy inference system']",70,"['water quality timeseries', 'water quality time', 'water quality', 'Outlet water quality', 'Artificial neural network', 'neural network analysis', 'neural network', 'Deep neural network', 'smart environment', 'time series', 'Outlet water', 'fuzzy inference system', 'quality time series', 'AI model', 'timeseries', 'quality timeseries', 'recurrent unit', 'fuzzy inference', 'monitoring time series', 'AI model performance', 'sensitive urban design', 'urban design', 'turbidity', 'data periodicity', 'efficient model', 'inference system', 'water', 'continuous monitoring time', 'model performance', 'network analysis', 'biotope', 'continuous monitoring', 'data', 'environment', 'fuzzy', 'monitoring time', 'transfer function', 'specific conductivity', 'transfer function approach', 'analysis', 'conductivity', 'recurrent', 'monitoring', 'unit', 'area', 'ensemble', 'system', 'network', 'series', 'feature', 'periodicity', 'parameter', 'design', 'function approach', 'model', 'quality', 'memory', 'time', 'implementation', 'Group method', 'inference', 'performance', 'ability', 'method', 'transfer', 'function', 'Ways forward', 'forward', 'quality time', 'approach']"
8,229,"['rockfall hazard assessment', 'support vector machine', 'accurate digital terrain', 'hazard assessment method', 'topography']",116,"['rockfall hazard assessment', 'comprehensive rockfall hazard', 'rockfall hazard', 'rockfall kinematic model', 'rockfall probability', 'hazard assessment', 'rockfall trajectory', 'hazard assessment method', 'comprehensive rockfall', 'various rockfall', 'digital terrain model', 'rockfall conditioning factor', 'various rockfall conditioning', 'accurate digital terrain', 'terrain model', 'digital terrain', 'support vector machine', 'rockfall conditioning', 'topography', 'support vector', 'urban planning', 'artificial neural network', 'urban planning management', 'steep terrain', 'spatial model', 'terrain', 'rockfall', 'fuzzy analytical hierarchy', 'different classifier', 'classifier', 'neural network', 'hilly region', 'impact location', 'logistic regression', 'airborne laser scanning', 'terrestrial laser scanner', 'geographical place', 'analytical hierarchy process', 'kinematic model', 'vector machine', 'regression', 'airborne laser', 'laser scanner', 'accurate digital', 'accuracy', 'hazardous phenomenon', 'area', 'assessment method', 'analytical hierarchy', 'planning management', 'study area', 'trajectory', 'laser scanning', 'different area', 'probability', 'datasets', 'hierarchy process', 'critical area', 'infrastructure', 'planning', 'terrestrial laser', 'mitigation process', 'kinetic energy', 'laser', 'guide', 'impact', 'height', 'neighbor', 'damage', 'tested model', 'training', 'hybrid model', 'massive damage', 'location', 'place', 'hierarchy', 'conditioning factor', 'suggested mitigation', 'region', 'digital', 'mitigation', 'velocity', 'hazard', 'scanner', 'technique', 'assessment', 'property', 'comprehensive information', 'information', 'different scale', 'support', 'energy', 'scanning', 'conditioning', 'validation', 'scale', 'method', 'model', 'vector', 'management', 'people', 'network', 'development', 'study', 'incident', 'result show', 'result', 'Machine', 'research', 'phenomenon', 'frequency', 'process', 'aim', 'factor', 'life', 'show']"
8,266,"['Structural health monitoring', 'Utility Computing model', 'SHM system', 'building', 'simulated occupation model']",121,"['Structural health monitoring', 'health monitoring installation', 'Structural health', 'health monitoring', 'Health Monitoring utility', 'Monitoring utility model', 'Utility Computing model', 'simulated occupation model', 'Monitoring utility', 'accurate SHM system', 'structural information', 'sensor reading', 'SHM system data', 'monitoring installation', 'monitoring', 'sensor', 'system data', 'resource management', 'SHM system', 'building', 'urban planning', 'visual data', 'monitoring installation scheme', 'biometric attendance system', 'utility model', 'Computing model', 'algorithm give expert', 'occupant measuring', 'data', 'utility', 'occupation model', 'efficient environment', 'analysis data', 'simulated occupation', 'attendance system', 'natural disaster', 'maintenance', 'novel utility model', 'occupancy', 'utility manager', 'input data', 'zone calculation', 'ideal SHM system', 'structure', 'biometric attendance', 'mathematical model', 'installation scheme', 'crisis management', 'management', 'early detection', 'novel utility', 'give expert', 'Equipment Identifier address', 'detection', 'measuring', 'rural area', 'disaster', 'calculation', 'effective system', 'machine', 'forecast', 'high disturbance', 'installation', 'information', 'expert', 'intensified disaster', 'external surroundings', 'device', 'occupant', 'surroundings', 'population', 'planning', 'simple machine', 'environment', 'visual representation', 'system', 'node', 'location', 'case study', 'prepare authority', 'Denser area', 'fatality', 'zone', 'analysis', 'occupation', 'natural phenomenon', 'administrator', 'risk factor', 'area', 'health', 'suggestion', 'Identifier address', 'number', 'mitigation', 'manager', 'need', 'risk', 'resource', 'model', 'authority', 'specific authority', 'attendance', 'disturbance', 'view', 'study', 'case', 'address', 'representation', 'type', 'reading', 'phenomenon', 'crisis', 'input', 'loss', 'scheme', 'result', 'heterogeneity', 'factor', 'term', 'literature', 'paper']"
8,304,"['residential low impact', 'classification tree', 'storm water management', 'adoption strategy', 'land owner']",71,"['residential low impact', 'classification tree', 'storm water management', 'green infrastructure project', 'decision tree', 'green infrastructure', 'performance decision tree', 'residential land', 'water management', 'residential land owner', 'private residential land', 'incentivizing private land', 'low impact development', 'infrastructure project', 'impact development', 'classification', 'wastewater system', 'adoption strategy', 'private land owner', 'land owner', 'adoption pattern', 'private landowner', 'high performance decision', 'storm water', 'private land', 'Local government', 'landowner', 'wastewater', 'infrastructure', 'performance decision', 'adoption category', 'land', 'infiltration effort', 'category', 'LID project', 'algorithm', 'tree', 'government', 'infiltration', 'project', 'storm', 'decision', 'low impact', 'development', 'management', 'water', 'strategy', 'potential opportunity', 'LID configuration', 'impact', 'improvement', 'attribute', 'retention', 'pattern', 'high performance', 'adoption', 'consent decree', 'effort', 'conveyance', 'owner', 'performance', 'portion', 'decree', 'configuration', 'opportunity', 'system', 'parcel', 'pressure', 'study', 'set', 'time']"
8,325,"['landslide susceptibility map', 'stream mining algorithm', 'logistic model tree', 'Bayes network', 'landslide data']",120,"['landslide susceptibility map', 'landslide susceptibility modeling', 'landslide susceptibility model', 'landslide susceptibility', 'landslide data', 'landslide risk', 'high landslide risk', 'landslide susceptibility zone', 'landslide inventory map', 'landslide inventory', 'high landslide', 'Bayes network', 'landslide', 'data stream mining', 'stream mining algorithm', 'logistic model tree', 'stream mining', 'mining algorithm', 'slope', 'Hoeffding tree', 'classifier', 'susceptibility map', 'model tree', 'susceptibility modeling', 'urban planning', 'prevailing data stream', 'logistic model', 'promising classifier', 'common hazard', 'susceptibility model', 'slope angle', 'slope aspect', 'training dataset', 'land use', 'map', 'validation dataset', 'data stream', 'validation datasets', 'susceptibility zone', 'altitude', 'lithology', 'dataset', 'datasets', 'mining', 'data', 'AUC value', 'similar AUC value', 'tree', 'susceptibility', 'low susceptibility zone', 'HT model', 'algorithm', 'land', 'prevailing data', 'various model', 'area', 'inventory map', 'soil', 'curve', 'model performance', 'plan curvature', 'county town', 'low susceptibility', 'BN model', 'stream', 'county', 'correlation', 'whereas region', 'region', 'zone', 'prone', 'human activity', 'planning', 'distance', 'modeling', 'risk', 'severe damage', 'distribution', 'town', 'curvature', 'damage', 'hazard', 'validation', 'training', 'property', 'comparative study', 'human activity concentrate', 'use', 'network', 'proportion', 'plan', 'LMT model', 'activity concentrate', 'angle', 'comparison', 'value', 'human', 'model', 'activity', 'profile curvature', 'world', 'aspect', 'factor', 'study', 'comparative', 'prevention', 'border suffer', 'paper', 'border', 'first time', 'result', 'concentrate', 'performance', 'inventory', 'time', 'suffer', 'prevailing', 'life', 'satisfying performance', 'interior']"
8,328,"['urban waterlogging', 'recurrent neural network', 'microblogging data', 'support vector machine', 'flood disaster spread']",63,"['urban waterlogging', 'urban flood', 'recurrent neural network', 'microblogging data', 'urban flood disaster', 'flood disaster spread', 'flood disaster', 'Urban rainstorm', 'flood', 'waterlogging', 'RNN model', 'microblogging', 'neural network', 'support vector machine', 'machine learning method', 'rainstorm', 'support vector', 'machine learning', 'classification', 'vector machine', 'traditional machine learning', 'text', 'disaster spread', 'decision tree', 'monitoring', 'online monitoring', 'rapid urbanization', 'urbanization construction', 'data', 'urbanization', 'climate change', 'climate', 'learning method', 'global climate change', 'learning', 'monitoring system', 'global climate', 'online monitoring system', 'network', 'accuracy', 'real time', 'post', 'map', 'nationwide map', 'urgent challenge', 'machine', 'disaster', 'construction', 'time', 'system', 'tree', 'improvement', 'vector', 'support', 'model', 'method', 'change', 'decision', 'challenge', 'result', 'traditional machine', 'spread', 'experimental result']"
8,350,"['urban planning', 'topological connectivity', 'average shortest path', 'water distribution design', 'network analysis']",77,"['urban planning', 'network analysis', 'topological connectivity', 'connectivity cluster', 'transportation system', 'interface network consist', 'connectivity profile', 'interface network connectivity', 'Water distribution', 'interface network', 'water distribution design', 'connectivity', 'multiple city', 'geospatial morphology', 'different geospatial morphology', 'network connectivity', 'city', 'network consist', 'shortest path', 'average shortest path', 'nodal feature', 'forty interface network', 'geospatial colocation', 'major nodal feature', 'transportation', 'machine learning', 'shortest path length', 'network', 'failure propagation', 'road', 'path length', 'path', 'different city', 'connection', 'distribution design', 'node belongs', 'potential cascading failure', 'cluster', 'cascading failure', 'interface', 'node', 'potential cascading', 'pipe', 'morphology', 'cascading', 'predictive power', 'forty interface', 'propagation', 'colocation', 'planning', 'water', 'design', 'failure', 'analysis', 'distribution', 'edge', 'random', 'system', 'power', 'feature', 'learning', 'profile', 'attribute', 'consist', 'length', 'machine', 'belongs', 'study', 'implication', 'Investigation', 'purpose', 'model', 'total', 'result', 'forty', 'hold implication', 'hold']"
8,396,"['landslides susceptibility prediction', 'support vector machine', 'urban planning', 'ROC curve', 'susceptibility mapping']",93,"['landslides susceptibility prediction', 'landslide susceptibility mapping', 'support vector machine', 'landslide susceptibility model', 'SVMs algorithms', 'landslides susceptibility', 'support vector', 'landslide susceptibility', 'SVMs model', 'landslide area', 'susceptibility prediction', 'ROC curve', 'vector machine', 'vector machine model', 'classification problem', 'landslide', 'slope', 'susceptibility map', 'urban planning', 'susceptibility mapping', 'classification', 'LIBSVM library', 'prediction performance', 'Accuracy parameter', 'spatial database', 'susceptibility model', 'predictive performance', 'land use', 'mapping', 'radial basis function', 'map', 'radial basis', 'function kernel', 'basis function kernel', 'prediction', 'generalization ability', 'lithology', 'stable area', 'kernel parameter', 'susceptibility', 'basis function', 'area', 'land', 'curve', 'algorithms', 'grid search', 'planning', 'support', 'kernel', 'vector', 'basis', 'Applicability', 'machine model', 'possible applicability', 'generalization', 'database', 'district', 'training phase', 'class', 'implementation', 'environmental input', 'training', 'objective', 'input parameter', 'search', 'parameter', 'use', 'machine', 'environmental input parameter', 'optimal set', 'library', 'economic loss', 'promising result', 'study', 'ability', 'great economic loss', 'phase', 'primal objective', 'aspect', 'threat', 'input', 'model', 'problem', 'result', 'function', 'purpose', 'presented study', 'loss', 'performance', 'set', 'main purpose', 'human life', 'life']"
8,443,"['fecal sludge management', 'decision tree model', 'analytical measurement', 'filtration time', 'many treatment plant']",96,"['fecal sludge management', 'sludge management', 'sludge management solution', 'fecal sludge', 'sludge', 'sludge color', 'treatment plant', 'many treatment plant', 'Predictive model', 'classifier', 'laboratory analysis', 'decision tree model', 'decision tree', 'linear regression', 'filtration', 'regression model', 'predictor', 'filtration time', 'single classifier', 'analytical measurement', 'analytical capacity', 'image analysis', 'prediction', 'linear regression model', 'regression', 'Simple decision tree', 'pH', 'citywide planning', 'simple analytical measurement', 'management solution', 'process control', 'data', 'treatment process operation', 'expert assessment', 'database', 'analysis', 'measurement', 'process', 'accuracy', 'field measurement', 'citywide', 'ammonium', 'field', 'monitoring', 'process control parameter', 'city', 'simple field measurement', 'separation performance', 'concentration', 'management', 'tree model', 'questionnaire data', 'plant', 'input', 'planning', 'color', 'capacity', 'Simple decision', 'characterization', 'type', 'process operation', 'model', 'treatment process', 'assessment', 'characteristic', 'simple field', 'control', 'onsite containment', 'efficiency', 'complexity', 'texture', 'decision', 'containment', 'control parameter', 'parameter', 'conductivity', 'performance', 'questionnaire', 'solution', 'many treatment', 'image', 'degree', 'cheap', 'tree', 'photographs', 'probe reading', 'probe', 'containment type', 'treatment', 'time', 'supernatant color', 'separation', 'lack', 'operation', 'reading', 'gap']"
8,475,"['urban flood susceptibility', 'neural network model', 'spatial prediction', 'misclassification rate', 'regression tree']",71,"['urban flood susceptibility', 'flood susceptibility mapping', 'flood susceptibility map', 'flood susceptibility', 'realistic flood susceptibility', 'urban flood', 'spatial prediction', 'flood inundation event', 'realistic flood', 'flood', 'flood prevention infrastructure', 'random forest', 'flood prevention', 'flood inundation', 'neural network model', 'neural network', 'MLPNN model', 'urban area', 'regression tree', 'misclassification rate', 'predictive performance', 'susceptibility map', 'prediction', 'susceptibility mapping', 'standalone MLPNN model', 'hydraulic model', 'hybridized model', 'map', 'city', 'mapping', 'regression', 'misclassification', 'model performance', 'forest', 'inundation', 'inundation event', 'data', 'susceptibility', 'network model', 'infrastructure', 'area', 'prevention infrastructure', 'available data', 'ungauged area', 'tree', 'specificity', 'correlation', 'Matthews correlation', 'sensitivity', 'rate', 'Matthews correlation coefficient', 'algorithm', 'model', 'skill', 'network', 'true skill', 'correlation coefficient', 'Performance', 'study', 'prone', 'curve', 'validation', 'machine', 'coefficient', 'efficiency', 'technique', 'prevention', 'measure', 'event', 'trading', 'standalone']"
8,524,"['AI storm water', 'sensor application', 'blockchain water platform', 'urban drainage ability', 'complex hydrological system']",134,"['AI storm water', 'storm water management', 'stormwater management', 'complex hydrological system', 'LID stormwater management', 'blockchain water platform', 'water management', 'hydrological system', 'urban stormwater drainage', 'drainage system', 'stormwater drainage', 'AI application', 'water resource management', 'urban stormwater', 'urban drainage', 'blockchain water', 'urban drainage ability', 'hydrological device', 'sensor application', 'LID stormwater', 'AI method', 'rain gauge', 'drainage analysis', 'AI technology', 'sensor data', 'hydraulic modelling', 'decision support system', 'stormwater', 'hydrological data', 'real time monitoring', 'flood risk', 'AI process', 'modelling system', 'storm water', 'drainage', 'AI storm', 'drainage ability', 'blockchain', 'sensor', 'flood', 'forecasting', 'time monitoring', 'decision support', 'water resource', 'model analysis', 'scenario analysis', 'rain', 'urban planning', 'control device', 'many engineering', 'water', 'modelling', 'real time', 'water platform', 'resource management', 'monitoring', 'engineering', 'support system', 'water quality', 'flowrate', 'prediction', 'upstream', 'software', 'model result', 'flow rate', 'data', 'technology', 'indicator', 'flow', 'meter', 'internet', 'engineer', 'storm', 'continuous updated result', 'rapid calculation', 'quantitative data', 'energy efficiency', 'calculation', 'device', 'information', 'application', 'analysis', 'system', 'gauge', 'early model stage', 'operation procedure', 'method', 'process', 'model', 'subjective information', 'key indicator', 'efficient result', 'early model', 'planning', 'pump', 'gate', 'usage', 'management', 'pipe', 'scenario', 'platform', 'valve', 'energy', 'quality', 'model stage', 'ability', 'spring', 'pressure', 'operation', 'resource', 'result', 'integrated fashion', 'decision', 'efficiency', 'procedure', 'incorporation', 'thing', 'decrease', 'time', 'support', 'updated result', 'rate', 'decade', 'risk', 'part', 'fashion', 'tremendous increase', 'cost', 'benefit', 'last decade', 'overall benefit', 'approach', 'increase', 'stage']"
8,541,"['logistics service network', 'big data mining', 'urban area', 'Quantitative relationship model', 'GPS location']",59,"['logistics service network', 'big data mining', 'logistics service', 'data mining technology', 'big data', 'data mining', 'urban area', 'express service', 'logistics', 'Quantitative relationship model', 'express service point', 'transportation station', 'express service network', 'relationship model', 'transportation', 'service network', 'GPS location', 'linear regression', 'service point', 'service', 'express', 'city', 'Multiple linear regression', 'data', 'residential area', 'grocery', 'Quantitative relationship', 'service facility', 'regression', 'network', 'store', 'mining', 'planning', 'mining technology', 'relationship', 'grocery store', 'station', 'technology', 'construction', 'area', 'location', 'number', 'integration machine', 'machine', 'life service facility', 'research idea', 'model', 'research', 'life service', 'basis', 'idea', 'layout', 'integration', 'facility', 'point', 'approach', 'rational construction', 'paper', 'life']"
8,598,"['high irrigation efficiency', 'public garden', 'sprinkler stream', 'AIS supply', 'irrigation uniformity']",39,"['high irrigation efficiency', 'irrigation efficiency', 'irrigation uniformity', 'irrigation', 'high irrigation', 'sprinkler stream', 'sprinkler', 'AIS supply water', 'garden', 'public garden', 'lawn', 'garden bed', 'supply water', 'foliage', 'hectare', 'AIS supply', 'plant', 'tree', 'water', 'efficiency', 'mature tree', 'stream', 'uniformity', 'interception', 'branch', 'supply', 'case study', 'pernicious effect', 'broad expanse', 'ha', 'trunk', 'development', 'effect', 'total', 'expanse', 'mature', 'study', 'case', 'bed']"
