Cluster,NumDocs,DocIds,TopicWords_by_CTF-IDF,TopicWords_by_Collocations
-1,77,"[5, 9, 10, 11, 14, 23, 33, 41, 46, 58, 61, 83, 87, 117, 120, 128, 131, 139, 146, 153, 156, 160, 176, 188, 193, 194, 196, 206, 218, 220, 222, 225, 226, 233, 238, 246, 256, 258, 271, 272, 280, 286, 311, 313, 335, 338, 344, 345, 359, 381, 383, 399, 412, 417, 421, 422, 425, 435, 440, 442, 444, 451, 467, 473, 474, 480, 481, 487, 506, 529, 535, 539, 545, 552, 562, 576, 597]","[{'topic_words': 'computer vision', 'score': 0.4, 'doc_ids': [14, 87, 193, 313, 359, 422, 535]}, {'topic_words': 'water quality', 'score': 0.4, 'doc_ids': [225, 246]}, {'topic_words': 'landscape patterns', 'score': 0.4, 'doc_ids': [9]}, {'topic_words': 'transportation mode', 'score': 0.4, 'doc_ids': [160, 188]}, {'topic_words': 'transportation modes', 'score': 0.4, 'doc_ids': [160, 188]}, {'topic_words': 'urban development', 'score': 0.4, 'doc_ids': [156, 196, 233, 246, 539, 552]}, {'topic_words': 'deep learning', 'score': 0.3, 'doc_ids': [10, 58, 87, 131, 160, 218, 345, 383, 421, 435, 440, 473, 481, 506, 529]}, {'topic_words': 'stream water', 'score': 0.3, 'doc_ids': [246]}, {'topic_words': 'urban greenness', 'score': 0.3, 'doc_ids': [344]}, {'topic_words': 'urban street', 'score': 0.3, 'doc_ids': [359, 506, 535]}, {'topic_words': 'street view', 'score': 0.3, 'doc_ids': [10, 14, 61, 193, 345, 422]}, {'topic_words': 'neural network', 'score': 0.3, 'doc_ids': [61, 160, 220, 225, 359, 381, 399, 422, 425, 435, 474, 487, 545]}, {'topic_words': 'mode recognition', 'score': 0.3, 'doc_ids': [160]}, {'topic_words': 'weighted regression', 'score': 0.3, 'doc_ids': [9, 246, 344, 473, 487]}, {'topic_words': 'geographically weighted', 'score': 0.3, 'doc_ids': [9, 246, 344, 473, 487]}, {'topic_words': 'visual quality', 'score': 0.3, 'doc_ids': [61]}, {'topic_words': 'international workshop', 'score': 0.3, 'doc_ids': [562, 576]}, {'topic_words': 'view images', 'score': 0.3, 'doc_ids': [10, 14, 61, 193, 345]}, {'topic_words': 'neural networks', 'score': 0.3, 'doc_ids': [11, 160, 196, 225, 238, 425, 535, 545]}]","[{'topic_words': 'machine learning', 'score': 771.6590358475745, 'doc_ids': [5, 10, 11, 14, 46, 58, 61, 83, 120, 139, 146, 153, 160, 176, 193, 194, 196, 206, 218, 220, 222, 226, 246, 256, 258, 271, 280, 286, 313, 335, 345, 359, 381, 383, 399, 412, 422, 425, 440, 444, 451, 473, 474, 480, 487, 529, 539, 562, 576]}, {'topic_words': 'urban planning', 'score': 316.985757247089, 'doc_ids': [9, 41, 117, 120, 128, 131, 139, 156, 160, 188, 206, 218, 220, 222, 233, 256, 286, 311, 335, 344, 359, 381, 383, 412, 425, 444, 473, 480, 487, 506, 529, 535, 539, 552]}, {'topic_words': 'computer vision', 'score': 233.31946202762808, 'doc_ids': [14, 87, 193, 313, 359, 422, 535]}, {'topic_words': 'neural network', 'score': 190.07056280682838, 'doc_ids': [61, 160, 220, 225, 359, 381, 399, 422, 425, 435, 474, 487, 545]}, {'topic_words': 'random forest', 'score': 159.13221770431585, 'doc_ids': [58, 193, 220, 246, 399, 412, 442, 474, 487]}, {'topic_words': 'deep learning', 'score': 151.88765004352007, 'doc_ids': [10, 58, 87, 131, 160, 218, 345, 383, 421, 435, 440, 473, 481, 506, 529]}, {'topic_words': 'land use', 'score': 138.82038487418828, 'doc_ids': [5, 41, 83, 176, 246, 506]}, {'topic_words': 'international workshop', 'score': 123.04697976718927, 'doc_ids': [562, 576]}, {'topic_words': 'geographically weighted', 'score': 117.01865718708628, 'doc_ids': [9, 246, 344, 473, 487]}, {'topic_words': 'water quality', 'score': 113.8535696737854, 'doc_ids': [225, 246]}, {'topic_words': 'street view', 'score': 112.37251087784318, 'doc_ids': [10, 14, 61, 193, 345, 422]}, {'topic_words': 'neural networks', 'score': 111.75870518949284, 'doc_ids': [11, 160, 196, 225, 238, 425, 535, 545]}, {'topic_words': 'transportation modes', 'score': 104.09658047225874, 'doc_ids': [160, 188]}, {'topic_words': 'big data', 'score': 101.62054720984244, 'doc_ids': [128, 139, 226, 480, 529, 576]}, {'topic_words': 'landscape patterns', 'score': 100.26747491311957, 'doc_ids': [9]}, {'topic_words': 'stream water', 'score': 97.1406500084356, 'doc_ids': [246]}, {'topic_words': 'air quality', 'score': 97.0380993674586, 'doc_ids': [41, 256, 272]}, {'topic_words': 'weighted regression', 'score': 96.29190518574231, 'doc_ids': [9, 246, 344, 473, 487]}, {'topic_words': 'transportation mode', 'score': 93.87001662821528, 'doc_ids': [160, 188]}, {'topic_words': 'remote sensing', 'score': 92.58024903049328, 'doc_ids': [139, 146, 381, 412]}]"
0,12,"[54, 79, 151, 162, 213, 266, 279, 290, 357, 358, 361, 509]","[{'topic_words': 'path loss', 'score': 3.1, 'doc_ids': [54, 290, 361]}, {'topic_words': 'positioning accuracy', 'score': 2.9, 'doc_ids': [151, 279, 357, 358, 509]}, {'topic_words': 'nlos multipath', 'score': 2.2, 'doc_ids': [151, 357]}, {'topic_words': 'nlos signals', 'score': 2.2, 'doc_ids': [151, 279, 357, 358]}, {'topic_words': 'urban environments', 'score': 1.9, 'doc_ids': [54, 151, 162, 213, 279, 357, 358, 509]}, {'topic_words': 'nlos signal', 'score': 1.8, 'doc_ids': [151, 279, 357, 358]}, {'topic_words': 'gnss positioning', 'score': 1.6, 'doc_ids': [151, 357, 358]}, {'topic_words': 'signal correlation', 'score': 1.6, 'doc_ids': [151, 357]}, {'topic_words': 'positioning performance', 'score': 1.4, 'doc_ids': [79, 509]}, {'topic_words': 'rf signatures', 'score': 1.4, 'doc_ids': [266]}, {'topic_words': 'urban environment', 'score': 1.3, 'doc_ids': [54, 79, 279, 290, 361, 509]}, {'topic_words': 'gnss signal', 'score': 1.2, 'doc_ids': [151, 357, 358]}, {'topic_words': 'improve positioning', 'score': 1.2, 'doc_ids': [79, 151, 279]}, {'topic_words': 'rf fingerprint', 'score': 1.2, 'doc_ids': [266]}, {'topic_words': 'signal reception', 'score': 1.2, 'doc_ids': [79, 279]}, {'topic_words': 'multipath detection', 'score': 1.2, 'doc_ids': [151, 357]}, {'topic_words': 'square error', 'score': 1.1, 'doc_ids': [54, 279, 361]}]","[{'topic_words': 'machine learning', 'score': 169.16555665422243, 'doc_ids': [54, 79, 151, 162, 213, 266, 279, 290, 358]}, {'topic_words': 'path loss', 'score': 169.1545562462866, 'doc_ids': [54, 290, 361]}, {'topic_words': 'urban environments', 'score': 130.50746611130415, 'doc_ids': [54, 151, 162, 213, 279, 357, 358, 509]}, {'topic_words': 'support vector', 'score': 85.82853399755848, 'doc_ids': [79, 151, 290, 358, 361]}, {'topic_words': 'urban environment', 'score': 85.47691361576116, 'doc_ids': [54, 79, 279, 290, 361, 509]}, {'topic_words': 'positioning accuracy', 'score': 85.3944432835398, 'doc_ids': [151, 279, 357, 358, 509]}, {'topic_words': 'nlos multipath', 'score': 64.41221428352375, 'doc_ids': [151, 357]}, {'topic_words': 'random forest', 'score': 60.46558175184133, 'doc_ids': [54, 213, 290]}, {'topic_words': 'rf signatures', 'score': 56.02552849500782, 'doc_ids': [266]}, {'topic_words': 'mean square', 'score': 50.90486828603472, 'doc_ids': [54, 279, 361]}, {'topic_words': 'nlos signals', 'score': 48.0305395281806, 'doc_ids': [151, 279, 357, 358]}, {'topic_words': 'neural network', 'score': 46.04498272601069, 'doc_ids': [162, 357]}, {'topic_words': 'square error', 'score': 46.04498272601069, 'doc_ids': [54, 279, 361]}, {'topic_words': 'rf fingerprint', 'score': 44.417295738851195, 'doc_ids': [266]}, {'topic_words': 'vector machine', 'score': 43.86988480739888, 'doc_ids': [79, 151, 358, 361]}, {'topic_words': 'navigation system', 'score': 40.46920941363364, 'doc_ids': [358, 509]}, {'topic_words': 'multipath detection', 'score': 36.79192573077625, 'doc_ids': [151, 357]}, {'topic_words': 'gnss positioning', 'score': 33.95939477391018, 'doc_ids': [151, 357, 358]}, {'topic_words': 'signal reception', 'score': 31.919631245328937, 'doc_ids': [79, 279]}, {'topic_words': 'learning methods', 'score': 31.41466599383689, 'doc_ids': [54, 213, 290, 358]}]"
1,25,"[22, 47, 127, 145, 148, 182, 215, 217, 234, 240, 273, 292, 293, 317, 321, 385, 390, 411, 428, 465, 479, 508, 557, 595, 598]","[{'topic_words': 'expert systems', 'score': 1.6, 'doc_ids': [47, 182, 321, 598]}, {'topic_words': 'artificial intelligence', 'score': 1.3, 'doc_ids': [22, 47, 182, 215, 240, 292, 293, 317, 321, 390, 465, 508, 595]}, {'topic_words': 'urban design', 'score': 1.2, 'doc_ids': [145, 148, 321, 411, 465, 557]}, {'topic_words': 'performance criteria', 'score': 1.0, 'doc_ids': [145, 148]}, {'topic_words': 'planning reform', 'score': 0.9, 'doc_ids': [508]}, {'topic_words': 'multiple performance', 'score': 0.8, 'doc_ids': [145, 148]}, {'topic_words': 'ai agent', 'score': 0.8, 'doc_ids': [293]}, {'topic_words': 'mathematical programming', 'score': 0.8, 'doc_ids': [595]}, {'topic_words': 'decision support', 'score': 0.8, 'doc_ids': [182, 217, 428]}, {'topic_words': 'urban regeneration', 'score': 0.8, 'doc_ids': [217]}, {'topic_words': 'generative design', 'score': 0.8, 'doc_ids': [145, 148, 479]}, {'topic_words': 'intelligence ai', 'score': 0.7, 'doc_ids': [22, 47, 182, 293, 317, 321, 508]}, {'topic_words': 'decision making', 'score': 0.7, 'doc_ids': [47, 148, 240, 428]}, {'topic_words': 'tender procedures', 'score': 0.7, 'doc_ids': [234]}, {'topic_words': 'integrated tourism', 'score': 0.7, 'doc_ids': [215]}, {'topic_words': 'artificial neural', 'score': 0.7, 'doc_ids': [234, 390, 411]}, {'topic_words': 'solar radiation', 'score': 0.6, 'doc_ids': [145, 148]}, {'topic_words': 'design parameters', 'score': 0.6, 'doc_ids': [145]}]","[{'topic_words': 'machine learning', 'score': 208.534248988768, 'doc_ids': [127, 148, 215, 234, 292, 385, 390, 411, 428, 479]}, {'topic_words': 'artificial intelligence', 'score': 202.88790284700622, 'doc_ids': [22, 47, 182, 215, 240, 292, 293, 317, 321, 390, 465, 508, 595]}, {'topic_words': 'urban planning', 'score': 129.88077900332402, 'doc_ids': [47, 182, 273, 292, 317, 385, 428, 508, 557, 598]}, {'topic_words': 'expert systems', 'score': 117.64895476667564, 'doc_ids': [47, 182, 321, 598]}, {'topic_words': 'neural network', 'score': 97.2946035950325, 'doc_ids': [234, 385, 390, 411]}, {'topic_words': 'decision making', 'score': 75.78350861211688, 'doc_ids': [47, 148, 240, 428]}, {'topic_words': 'artificial neural', 'score': 67.40684529164719, 'doc_ids': [234, 390, 411]}, {'topic_words': 'decision support', 'score': 67.40458979223024, 'doc_ids': [182, 217, 428]}, {'topic_words': 'performance criteria', 'score': 62.2449510824738, 'doc_ids': [145, 148]}, {'topic_words': 'mathematical programming', 'score': 62.23418522310019, 'doc_ids': [595]}, {'topic_words': 'urban design', 'score': 60.631257623845954, 'doc_ids': [145, 148, 321, 411, 465, 557]}, {'topic_words': 'solar radiation', 'score': 57.335079754584356, 'doc_ids': [145, 148]}, {'topic_words': 'reinforcement learning', 'score': 53.96399603835479, 'doc_ids': [145, 148, 293]}, {'topic_words': 'land dynamics', 'score': 52.60794139537029, 'doc_ids': [22]}, {'topic_words': 'planning reform', 'score': 51.52536150365246, 'doc_ids': [508]}, {'topic_words': 'land use', 'score': 51.4703104037134, 'doc_ids': [273, 293]}, {'topic_words': 'tender procedures', 'score': 47.776790776205864, 'doc_ids': [234]}, {'topic_words': 'paper presents', 'score': 46.97852514632024, 'doc_ids': [240, 317, 390, 479]}, {'topic_words': 'ai agent', 'score': 45.850792662047304, 'doc_ids': [293]}, {'topic_words': 'integrated tourism', 'score': 45.551455939422844, 'doc_ids': [215]}]"
2,17,"[27, 38, 44, 88, 94, 97, 150, 198, 205, 329, 348, 355, 413, 420, 423, 492, 498]","[{'topic_words': 'surface temperature', 'score': 2.6, 'doc_ids': [27, 38, 44, 88, 94, 198, 329, 348, 355, 413, 420]}, {'topic_words': 'urban heat', 'score': 2.2, 'doc_ids': [44, 94, 97, 198, 205, 348, 413, 420, 423]}, {'topic_words': 'air temperature', 'score': 1.8, 'doc_ids': [27, 150, 198, 348, 492, 498]}, {'topic_words': 'land surface', 'score': 1.5, 'doc_ids': [27, 44, 88, 94, 198, 205, 329, 355, 413, 420]}, {'topic_words': 'thermal landscape', 'score': 1.5, 'doc_ids': [97]}, {'topic_words': 'cooling effect', 'score': 1.5, 'doc_ids': [38, 348, 423, 498]}, {'topic_words': 'urban thermal', 'score': 1.4, 'doc_ids': [44, 88, 94, 97]}, {'topic_words': 'thermal patches', 'score': 1.4, 'doc_ids': [97]}, {'topic_words': 'heat island', 'score': 1.2, 'doc_ids': [44, 94, 97, 329, 348, 413, 420, 423]}, {'topic_words': 'heat islands', 'score': 1.2, 'doc_ids': [205, 413]}, {'topic_words': 'urban vegetation', 'score': 1.1, 'doc_ids': [38]}, {'topic_words': 'temperature lst', 'score': 1.1, 'doc_ids': [27, 88, 94, 198, 329, 355, 420]}, {'topic_words': 'cooling efficiency', 'score': 1.0, 'doc_ids': [423]}, {'topic_words': 'lst images', 'score': 1.0, 'doc_ids': [355]}, {'topic_words': 'urban parks', 'score': 0.9, 'doc_ids': [423]}, {'topic_words': 'island uhi', 'score': 0.8, 'doc_ids': [44, 94, 97, 348, 420]}, {'topic_words': 'daily maximum', 'score': 0.7, 'doc_ids': [27, 498]}, {'topic_words': 'temperature daily', 'score': 0.7, 'doc_ids': [498]}, {'topic_words': 'architectural patterns', 'score': 0.7, 'doc_ids': [94]}, {'topic_words': 'complex terrain', 'score': 0.7, 'doc_ids': [492]}]","[{'topic_words': 'machine learning', 'score': 226.64811254918942, 'doc_ids': [27, 38, 44, 88, 94, 150, 205, 329, 355, 413, 420, 423, 492, 498]}, {'topic_words': 'surface temperature', 'score': 159.9008784342779, 'doc_ids': [27, 38, 44, 88, 94, 198, 329, 348, 355, 413, 420]}, {'topic_words': 'land surface', 'score': 107.72650384947475, 'doc_ids': [27, 44, 88, 94, 198, 205, 329, 355, 413, 420]}, {'topic_words': 'urban heat', 'score': 102.6863865485032, 'doc_ids': [44, 94, 97, 198, 205, 348, 413, 420, 423]}, {'topic_words': 'air temperature', 'score': 94.31601081452294, 'doc_ids': [27, 150, 198, 348, 492, 498]}, {'topic_words': 'heat island', 'score': 87.31999710237413, 'doc_ids': [44, 94, 97, 329, 348, 413, 420, 423]}, {'topic_words': 'heat islands', 'score': 83.0455012917761, 'doc_ids': [205, 413]}, {'topic_words': 'thermal patches', 'score': 80.6541302045245, 'doc_ids': [97]}, {'topic_words': 'thermal landscape', 'score': 78.59473641666601, 'doc_ids': [97]}, {'topic_words': 'cooling effect', 'score': 74.4326394564168, 'doc_ids': [38, 348, 423, 498]}, {'topic_words': 'random forest', 'score': 70.90868024761451, 'doc_ids': [27, 88, 198, 205, 420]}, {'topic_words': 'cooling efficiency', 'score': 53.28652954138044, 'doc_ids': [423]}, {'topic_words': 'complex terrain', 'score': 51.7872754753585, 'doc_ids': [492]}, {'topic_words': 'daily maximum', 'score': 51.7872754753585, 'doc_ids': [27, 498]}, {'topic_words': 'architectural patterns', 'score': 48.87803472622076, 'doc_ids': [94]}, {'topic_words': 'lst images', 'score': 46.177527459204796, 'doc_ids': [355]}, {'topic_words': 'island uhi', 'score': 45.02222609921443, 'doc_ids': [44, 94, 97, 348, 420]}, {'topic_words': 'urban form', 'score': 43.41307267149128, 'doc_ids': [88]}, {'topic_words': 'landscape pattern', 'score': 40.6041710913379, 'doc_ids': [97]}, {'topic_words': 'learning approach', 'score': 40.08541237400001, 'doc_ids': [27, 205]}]"
3,18,"[6, 43, 93, 186, 265, 284, 319, 433, 477, 499, 500, 513, 515, 524, 532, 533, 548, 580]","[{'topic_words': 'smart cities', 'score': 1.4, 'doc_ids': [43, 93, 284, 499, 500, 524, 532, 580]}, {'topic_words': 'smart city', 'score': 1.2, 'doc_ids': [6, 499, 500, 524, 533, 580]}, {'topic_words': 'smart infrastructure', 'score': 1.2, 'doc_ids': [499]}, {'topic_words': 'human factors', 'score': 0.8, 'doc_ids': [477, 580]}, {'topic_words': 'utility computing', 'score': 0.8, 'doc_ids': [265]}, {'topic_words': 'ambient intelligence', 'score': 0.8, 'doc_ids': [548]}, {'topic_words': 'unmanned aerial', 'score': 0.8, 'doc_ids': [284, 319, 515]}, {'topic_words': 'health monitoring', 'score': 0.8, 'doc_ids': [6, 265]}, {'topic_words': 'aerial vehicles', 'score': 0.7, 'doc_ids': [284, 319, 515]}, {'topic_words': 'contain papers', 'score': 0.7, 'doc_ids': [524, 532, 533, 548, 580]}, {'topic_words': 'proceedings contain', 'score': 0.7, 'doc_ids': [524, 532, 533, 548, 580]}, {'topic_words': 'urban governance', 'score': 0.7, 'doc_ids': [43, 93]}, {'topic_words': 'air quality', 'score': 0.7, 'doc_ids': [524, 548]}, {'topic_words': 'topics include', 'score': 0.7, 'doc_ids': [524, 532, 533, 548]}, {'topic_words': 'special focus', 'score': 0.7, 'doc_ids': [524, 532, 533, 548]}, {'topic_words': 'data sharing', 'score': 0.7, 'doc_ids': [6, 513]}, {'topic_words': 'computing model', 'score': 0.7, 'doc_ids': [265]}, {'topic_words': 'montevideo uruguay', 'score': 0.7, 'doc_ids': [532]}]","[{'topic_words': 'smart cities', 'score': 122.63893424165278, 'doc_ids': [43, 93, 284, 499, 500, 524, 532, 580]}, {'topic_words': 'machine learning', 'score': 83.86569405921115, 'doc_ids': [43, 186, 265, 532, 533, 548, 580]}, {'topic_words': 'smart city', 'score': 76.51908380544593, 'doc_ids': [6, 499, 500, 524, 533, 580]}, {'topic_words': 'air quality', 'score': 75.9137732263013, 'doc_ids': [524, 548]}, {'topic_words': 'contain papers', 'score': 70.89614005721587, 'doc_ids': [524, 532, 533, 548, 580]}, {'topic_words': 'unmanned aerial', 'score': 65.7178627530838, 'doc_ids': [284, 319, 515]}, {'topic_words': 'proceedings contain', 'score': 65.48993395241135, 'doc_ids': [524, 532, 533, 548, 580]}, {'topic_words': 'big data', 'score': 61.767815298262015, 'doc_ids': [43, 500, 548]}, {'topic_words': 'urban areas', 'score': 53.3819977920993, 'doc_ids': [284, 319, 433, 524]}, {'topic_words': 'case study', 'score': 53.358899385169565, 'doc_ids': [43, 265, 433, 524, 532]}, {'topic_words': 'special focus', 'score': 52.82098381895766, 'doc_ids': [524, 532, 533, 548]}, {'topic_words': 'topics include', 'score': 52.82098381895766, 'doc_ids': [524, 532, 533, 548]}, {'topic_words': 'artificial intelligence', 'score': 50.612324193469746, 'doc_ids': [6, 500, 515, 533]}, {'topic_words': 'urban planning', 'score': 48.72460161814283, 'doc_ids': [186, 265, 499, 500, 513, 524, 533]}, {'topic_words': 'aerial vehicles', 'score': 44.36741811925955, 'doc_ids': [284, 319, 515]}, {'topic_words': 'infrastructure system', 'score': 43.156183239008875, 'doc_ids': [499]}, {'topic_words': 'neural network', 'score': 42.83031174104369, 'doc_ids': [433, 533]}, {'topic_words': 'human factors', 'score': 40.9104123988245, 'doc_ids': [477, 580]}, {'topic_words': 'utility computing', 'score': 40.65625314641271, 'doc_ids': [265]}, {'topic_words': 'ambient intelligence', 'score': 35.70890823637526, 'doc_ids': [548]}]"
4,69,"[0, 2, 18, 19, 20, 25, 29, 36, 40, 53, 55, 57, 60, 62, 63, 70, 80, 98, 99, 104, 109, 110, 124, 136, 143, 147, 155, 170, 177, 185, 210, 216, 219, 236, 237, 241, 248, 250, 255, 291, 307, 326, 363, 366, 377, 384, 388, 400, 410, 427, 429, 436, 443, 449, 450, 453, 454, 459, 464, 468, 485, 503, 504, 505, 530, 534, 537, 567, 574]","[{'topic_words': 'deep learning', 'score': 1.1, 'doc_ids': [0, 2, 20, 36, 80, 98, 99, 143, 155, 177, 219, 236, 248, 291, 363, 377, 388, 427, 436, 449, 453, 459, 464, 468, 504, 537]}, {'topic_words': 'remote sensing', 'score': 1.1, 'doc_ids': [2, 19, 20, 36, 53, 63, 70, 98, 104, 110, 155, 177, 219, 236, 250, 291, 326, 363, 377, 388, 400, 427, 429, 436, 443, 449, 450, 468, 503, 504, 537, 567, 574]}, {'topic_words': 'semantic segmentation', 'score': 0.8, 'doc_ids': [147, 248, 449, 485, 505, 567]}, {'topic_words': 'convolutional neural', 'score': 0.7, 'doc_ids': [2, 18, 36, 80, 98, 99, 109, 124, 185, 255, 377, 388, 450, 459, 504, 505, 534, 567]}, {'topic_words': 'building detection', 'score': 0.7, 'doc_ids': [2, 53, 80, 155, 366, 384, 388, 537]}, {'topic_words': 'satellite images', 'score': 0.7, 'doc_ids': [2, 29, 62, 63, 109, 236, 241, 326, 366, 443, 464, 505, 574]}, {'topic_words': 'change detection', 'score': 0.7, 'doc_ids': [70, 449, 567]}, {'topic_words': 'lidar data', 'score': 0.6, 'doc_ids': [19, 80, 110, 136, 185, 400, 429, 450, 454]}, {'topic_words': 'proposed method', 'score': 0.6, 'doc_ids': [25, 36, 40, 55, 99, 110, 210, 216, 219, 248, 363, 449, 454, 464, 503, 530]}, {'topic_words': 'point clouds', 'score': 0.6, 'doc_ids': [60, 143, 170, 429, 454]}, {'topic_words': 'building extraction', 'score': 0.6, 'doc_ids': [2, 80, 219, 248, 400, 427, 443, 537]}, {'topic_words': 'sensing images', 'score': 0.6, 'doc_ids': [36, 110, 291, 363, 377, 449, 567]}, {'topic_words': 'neural network', 'score': 0.6, 'doc_ids': [36, 80, 98, 99, 104, 109, 185, 210, 241, 326, 366, 388, 427, 454, 459, 504, 505, 534, 567]}, {'topic_words': 'aerial images', 'score': 0.5, 'doc_ids': [53, 110, 366, 453, 454]}, {'topic_words': 'object detection', 'score': 0.5, 'doc_ids': [2, 155, 236, 291, 504, 534]}, {'topic_words': 'point cloud', 'score': 0.5, 'doc_ids': [55, 60, 143, 170, 210, 429]}, {'topic_words': 'airborne lidar', 'score': 0.5, 'doc_ids': [55, 136, 170, 307, 429, 454]}, {'topic_words': 'support vector', 'score': 0.4, 'doc_ids': [20, 40, 62, 80, 104, 241, 377, 400, 427, 429, 443, 449, 450, 454, 574]}, {'topic_words': 'light detection', 'score': 0.4, 'doc_ids': [19, 55, 80, 110, 136, 170, 400, 429, 454]}]","[{'topic_words': 'remote sensing', 'score': 738.0364143812311, 'doc_ids': [2, 19, 20, 36, 53, 63, 70, 98, 104, 110, 155, 177, 219, 236, 250, 291, 326, 363, 377, 388, 400, 427, 429, 436, 443, 449, 450, 468, 503, 504, 537, 567, 574]}, {'topic_words': 'machine learning', 'score': 498.3901982902254, 'doc_ids': [18, 20, 25, 29, 36, 53, 55, 63, 104, 109, 110, 124, 143, 170, 177, 210, 216, 241, 250, 291, 307, 366, 377, 388, 400, 410, 427, 429, 436, 443, 449, 450, 453, 454, 464, 503, 530, 534, 537, 567, 574]}, {'topic_words': 'deep learning', 'score': 431.32574927910804, 'doc_ids': [0, 2, 20, 36, 80, 98, 99, 143, 155, 177, 219, 236, 248, 291, 363, 377, 388, 427, 436, 449, 453, 459, 464, 468, 504, 537]}, {'topic_words': 'urban planning', 'score': 387.78930085139, 'doc_ids': [2, 18, 19, 20, 25, 36, 40, 53, 62, 70, 99, 104, 109, 110, 136, 143, 147, 155, 170, 177, 185, 210, 219, 236, 248, 291, 326, 366, 377, 384, 400, 427, 429, 436, 443, 449, 450, 453, 454, 468, 485, 503, 504, 505, 530, 537, 574]}, {'topic_words': 'neural network', 'score': 303.21196827466645, 'doc_ids': [36, 80, 98, 99, 104, 109, 185, 210, 241, 326, 366, 388, 427, 454, 459, 504, 505, 534, 567]}, {'topic_words': 'convolutional neural', 'score': 278.90074228775853, 'doc_ids': [2, 18, 36, 80, 98, 99, 109, 124, 185, 255, 377, 388, 450, 459, 504, 505, 534, 567]}, {'topic_words': 'semantic segmentation', 'score': 239.4796341026157, 'doc_ids': [147, 248, 449, 485, 505, 567]}, {'topic_words': 'support vector', 'score': 236.83315999401236, 'doc_ids': [20, 40, 62, 80, 104, 241, 377, 400, 427, 429, 443, 449, 450, 454, 574]}, {'topic_words': 'land cover', 'score': 205.71860943933356, 'doc_ids': [20, 29, 63, 147, 177, 185, 436, 504, 530]}, {'topic_words': 'point clouds', 'score': 194.43478727773476, 'doc_ids': [60, 143, 170, 429, 454]}, {'topic_words': 'change detection', 'score': 180.90686454027505, 'doc_ids': [70, 449, 567]}, {'topic_words': 'computer vision', 'score': 179.1647659733569, 'doc_ids': [18, 40, 55, 124, 177, 250, 377, 453, 534]}, {'topic_words': 'satellite images', 'score': 162.595646164928, 'doc_ids': [2, 29, 62, 63, 109, 236, 241, 326, 366, 443, 464, 505, 574]}, {'topic_words': 'proposed method', 'score': 147.6987204381269, 'doc_ids': [25, 36, 40, 55, 99, 110, 210, 216, 219, 248, 363, 449, 454, 464, 503, 530]}, {'topic_words': 'closely packed', 'score': 135.94088845309187, 'doc_ids': [170]}, {'topic_words': 'urban areas', 'score': 130.37045656267463, 'doc_ids': [20, 25, 57, 62, 98, 155, 241, 255, 326, 427]}, {'topic_words': 'neural networks', 'score': 129.19526311143255, 'doc_ids': [2, 18, 20, 36, 80, 109, 124, 255, 377, 450, 459, 505]}, {'topic_words': 'point cloud', 'score': 123.09408947540386, 'doc_ids': [55, 60, 143, 170, 210, 429]}, {'topic_words': 'experimental results', 'score': 121.55851645877615, 'doc_ids': [2, 20, 25, 57, 63, 99, 104, 291, 449, 503, 567]}, {'topic_words': 'remotely sensed', 'score': 120.81820266696869, 'doc_ids': [20, 40, 63, 124, 241, 400, 427]}]"
5,14,"[3, 189, 230, 275, 278, 304, 336, 376, 432, 488, 494, 514, 518, 546]","[{'topic_words': 'artificial intelligence', 'score': 2.1, 'doc_ids': [3, 230, 275, 304, 336, 376, 432, 488, 494, 518]}, {'topic_words': 'smart cities', 'score': 2.1, 'doc_ids': [3, 304, 336, 488, 546]}, {'topic_words': 'waste collection', 'score': 1.6, 'doc_ids': [275]}, {'topic_words': 'smart city', 'score': 1.3, 'doc_ids': [230, 275, 278, 304, 514, 546]}, {'topic_words': 'intelligence ai', 'score': 1.1, 'doc_ids': [3, 230, 304, 376, 432, 494]}, {'topic_words': 'participatory ai', 'score': 1.0, 'doc_ids': [304]}, {'topic_words': 'responsible ai', 'score': 0.7, 'doc_ids': [304]}, {'topic_words': 'omnichannel services', 'score': 0.7, 'doc_ids': [278]}, {'topic_words': 'silicon valley', 'score': 0.7, 'doc_ids': [189]}, {'topic_words': 'tasks like', 'score': 0.7, 'doc_ids': [336]}, {'topic_words': 'future city', 'score': 0.7, 'doc_ids': [376]}, {'topic_words': 'socially responsible', 'score': 0.7, 'doc_ids': [304]}, {'topic_words': 'like cambridge', 'score': 0.7, 'doc_ids': [189]}, {'topic_words': 'platform economy', 'score': 0.7, 'doc_ids': [230]}]","[{'topic_words': 'artificial intelligence', 'score': 192.30676293242607, 'doc_ids': [3, 230, 275, 304, 336, 376, 432, 488, 494, 518]}, {'topic_words': 'smart cities', 'score': 95.25748619498663, 'doc_ids': [3, 304, 336, 488, 546]}, {'topic_words': 'big data', 'score': 61.99423649470545, 'doc_ids': [3, 376, 518]}, {'topic_words': 'urban planning', 'score': 46.7773417723324, 'doc_ids': [275, 278, 304, 336, 546]}, {'topic_words': 'smart city', 'score': 45.91526882047322, 'doc_ids': [230, 275, 278, 304, 514, 546]}, {'topic_words': 'waste collection', 'score': 39.57839283881272, 'doc_ids': [275]}, {'topic_words': 'intelligence ai', 'score': 27.735179978589372, 'doc_ids': [3, 230, 304, 376, 432, 494]}]"
6,26,"[191, 195, 229, 267, 274, 281, 315, 316, 318, 342, 353, 356, 375, 394, 401, 405, 501, 522, 554, 555, 568, 581, 583, 588, 591, 592]","[{'topic_words': 'urban design', 'score': 1.7, 'doc_ids': [191, 229, 316, 318, 356, 554, 555, 583, 588]}, {'topic_words': 'planning support', 'score': 1.4, 'doc_ids': [281, 375]}, {'topic_words': 'urban aesthetics', 'score': 1.1, 'doc_ids': [316]}, {'topic_words': 'cooperative design', 'score': 1.0, 'doc_ids': [588]}, {'topic_words': 'interactive machine', 'score': 0.9, 'doc_ids': [191, 318, 583]}, {'topic_words': 'design problem', 'score': 0.8, 'doc_ids': [191, 318]}, {'topic_words': 'drone futures', 'score': 0.8, 'doc_ids': [229]}, {'topic_words': 'support systems', 'score': 0.8, 'doc_ids': [281, 315]}, {'topic_words': 'design goal', 'score': 0.8, 'doc_ids': [191, 318]}, {'topic_words': 'design process', 'score': 0.7, 'doc_ids': [191, 318, 522, 555]}, {'topic_words': 'smart urban', 'score': 0.7, 'doc_ids': [267]}, {'topic_words': 'technical university', 'score': 0.6, 'doc_ids': [195, 394, 591]}, {'topic_words': 'urban typogenetics', 'score': 0.6, 'doc_ids': [316]}, {'topic_words': 'design worlds', 'score': 0.6, 'doc_ids': [356]}, {'topic_words': 'let spatial', 'score': 0.6, 'doc_ids': [195, 274, 591]}, {'topic_words': 'interpretation applied', 'score': 0.6, 'doc_ids': [274]}, {'topic_words': 'design practice', 'score': 0.6, 'doc_ids': [522]}]","[{'topic_words': 'machine learning', 'score': 161.60756565330618, 'doc_ids': [191, 281, 318, 555, 568, 581, 583]}, {'topic_words': 'artificial intelligence', 'score': 106.08778805360188, 'doc_ids': [267, 281, 353, 356, 501, 554, 592]}, {'topic_words': 'urban planning', 'score': 68.61457618406988, 'doc_ids': [274, 281, 315, 342, 375, 401, 522, 568, 588, 592]}, {'topic_words': 'urban design', 'score': 68.25530461178496, 'doc_ids': [191, 229, 316, 318, 356, 554, 555, 583, 588]}, {'topic_words': 'planning support', 'score': 65.77517707837983, 'doc_ids': [281, 375]}, {'topic_words': 'urban aesthetics', 'score': 48.221398917106015, 'doc_ids': [316]}, {'topic_words': 'drone futures', 'score': 44.87224926442467, 'doc_ids': [229]}, {'topic_words': 'built environment', 'score': 43.32041128263695, 'doc_ids': [229, 281, 588]}, {'topic_words': 'support systems', 'score': 42.832323448552025, 'doc_ids': [281, 315]}, {'topic_words': 'interactive machine', 'score': 42.74399877744738, 'doc_ids': [191, 318, 583]}, {'topic_words': 'case study', 'score': 42.50429250436231, 'doc_ids': [522, 568]}, {'topic_words': 'intelligence ai', 'score': 37.57859984790305, 'doc_ids': [267, 353, 356, 501, 592]}, {'topic_words': 'support system', 'score': 36.138599933898796, 'doc_ids': [281, 316]}, {'topic_words': 'urban environments', 'score': 34.73137980767438, 'doc_ids': [267, 274, 405, 581]}, {'topic_words': 'design goal', 'score': 31.434327789158175, 'doc_ids': [191, 318]}, {'topic_words': 'cooperative design', 'score': 28.883295108262445, 'doc_ids': [588]}, {'topic_words': 'urban spaces', 'score': 22.58912773142385, 'doc_ids': [195, 229, 274, 555]}, {'topic_words': 'design process', 'score': 19.262894402790312, 'doc_ids': [191, 318, 522, 555]}, {'topic_words': 'design problem', 'score': 18.206772647303282, 'doc_ids': [191, 318]}, {'topic_words': 'smart urban', 'score': 16.31678154413974, 'doc_ids': [267]}]"
7,12,"[111, 173, 183, 227, 262, 323, 341, 437, 471, 496, 536, 550]","[{'topic_words': 'urban functional', 'score': 2.1, 'doc_ids': [173, 341]}, {'topic_words': 'use categories', 'score': 1.9, 'doc_ids': [111, 323, 471]}, {'topic_words': 'urban land', 'score': 1.9, 'doc_ids': [111, 323, 471, 536, 550]}, {'topic_words': 'urban poverty', 'score': 1.8, 'doc_ids': [437]}, {'topic_words': 'land use', 'score': 1.7, 'doc_ids': [111, 323, 471, 496, 536, 550]}, {'topic_words': 'essential urban', 'score': 1.6, 'doc_ids': [111, 323, 471]}, {'topic_words': 'functional zones', 'score': 1.5, 'doc_ids': [173]}, {'topic_words': 'sensing data', 'score': 1.3, 'doc_ids': [111, 227, 323, 496]}, {'topic_words': 'functional areas', 'score': 1.1, 'doc_ids': [341]}, {'topic_words': 'ntl data', 'score': 1.1, 'doc_ids': [183]}, {'topic_words': 'population spatialization', 'score': 1.1, 'doc_ids': [227]}, {'topic_words': 'mapping essential', 'score': 1.1, 'doc_ids': [323, 471]}, {'topic_words': 'housing inequality', 'score': 1.1, 'doc_ids': [437]}, {'topic_words': 'geospatial data', 'score': 1.1, 'doc_ids': [173, 262, 496]}, {'topic_words': 'remote sensing', 'score': 1.0, 'doc_ids': [227, 323, 341, 496, 536, 550]}, {'topic_words': 'random forest', 'score': 1.0, 'doc_ids': [111, 173, 227, 323, 496]}, {'topic_words': 'identify urban', 'score': 0.9, 'doc_ids': [173, 437]}, {'topic_words': 'monetary poverty', 'score': 0.9, 'doc_ids': [262]}, {'topic_words': 'poi rn', 'score': 0.9, 'doc_ids': [183]}]","[{'topic_words': 'land use', 'score': 242.72170275913902, 'doc_ids': [111, 323, 471, 496, 536, 550]}, {'topic_words': 'machine learning', 'score': 146.5363109699536, 'doc_ids': [111, 173, 227, 262, 323, 341, 437, 471, 496, 550]}, {'topic_words': 'remote sensing', 'score': 129.19027115472431, 'doc_ids': [227, 323, 341, 496, 536, 550]}, {'topic_words': 'random forest', 'score': 110.7917097399723, 'doc_ids': [111, 173, 227, 323, 496]}, {'topic_words': 'urban land', 'score': 90.96590969959323, 'doc_ids': [111, 323, 471, 536, 550]}, {'topic_words': 'functional zones', 'score': 70.52902665580153, 'doc_ids': [173]}, {'topic_words': 'urban functional', 'score': 69.13140790910171, 'doc_ids': [173, 341]}, {'topic_words': 'urban planning', 'score': 69.12322240875194, 'doc_ids': [111, 173, 183, 227, 323, 341, 437, 471, 496]}, {'topic_words': 'use categories', 'score': 67.97520705748875, 'doc_ids': [111, 323, 471]}, {'topic_words': 'housing inequality', 'score': 52.73324262472559, 'doc_ids': [437]}, {'topic_words': 'population spatialization', 'score': 41.82119712931108, 'doc_ids': [227]}, {'topic_words': 'results indicated', 'score': 39.92107884675004, 'doc_ids': [227, 496, 536]}, {'topic_words': 'big data', 'score': 39.1649683416747, 'doc_ids': [323, 471]}, {'topic_words': 'case study', 'score': 36.30804627235947, 'doc_ids': [173, 536]}, {'topic_words': 'essential urban', 'score': 36.19274991751058, 'doc_ids': [111, 323, 471]}, {'topic_words': 'sensing data', 'score': 35.93661893731377, 'doc_ids': [111, 227, 323, 496]}, {'topic_words': 'urban poverty', 'score': 33.62678055830619, 'doc_ids': [437]}, {'topic_words': 'population distribution', 'score': 32.28857158213303, 'doc_ids': [496]}, {'topic_words': 'land uses', 'score': 30.512976660558326, 'doc_ids': [323, 536]}, {'topic_words': 'urban areas', 'score': 29.155903622057245, 'doc_ids': [183, 550]}]"
8,13,"[31, 106, 123, 158, 232, 282, 368, 452, 495, 511, 565, 577, 578]","[{'topic_words': 'topic modeling', 'score': 2.1, 'doc_ids': [232, 368, 577]}, {'topic_words': 'service requests', 'score': 1.1, 'doc_ids': [106]}, {'topic_words': 'functional regions', 'score': 1.0, 'doc_ids': [31, 368]}, {'topic_words': 'building alteration', 'score': 0.9, 'doc_ids': [232]}, {'topic_words': 'telecom data', 'score': 0.9, 'doc_ids': [158]}, {'topic_words': 'leisure activity', 'score': 0.9, 'doc_ids': [123]}, {'topic_words': 'ground sensing', 'score': 0.9, 'doc_ids': [577]}, {'topic_words': 'web data', 'score': 0.8, 'doc_ids': [123]}, {'topic_words': 'behavioral patterns', 'score': 0.8, 'doc_ids': [158]}, {'topic_words': 'poi data', 'score': 0.8, 'doc_ids': [31, 511]}, {'topic_words': 'urban space', 'score': 0.8, 'doc_ids': [123, 452]}, {'topic_words': 'urban features', 'score': 0.8, 'doc_ids': [158]}, {'topic_words': 'latent dirichlet', 'score': 0.7, 'doc_ids': [232, 368, 577]}, {'topic_words': 'dirichlet allocation', 'score': 0.7, 'doc_ids': [232, 368, 577]}, {'topic_words': 'instagram posts', 'score': 0.6, 'doc_ids': [565]}]","[{'topic_words': 'land use', 'score': 113.16971568881564, 'doc_ids': [511, 578]}, {'topic_words': 'topic modeling', 'score': 104.17382810478553, 'doc_ids': [232, 368, 577]}, {'topic_words': 'machine learning', 'score': 92.7126823262283, 'doc_ids': [123, 158, 232, 368, 495, 565, 577]}, {'topic_words': 'service requests', 'score': 50.897011704029815, 'doc_ids': [106]}, {'topic_words': 'functional regions', 'score': 35.412279929366385, 'doc_ids': [31, 368]}, {'topic_words': 'urban planning', 'score': 35.25254206577182, 'doc_ids': [31, 106, 368, 495, 511, 577]}, {'topic_words': 'urban land', 'score': 33.58783837139298, 'doc_ids': [511]}, {'topic_words': 'urban space', 'score': 21.282284292164228, 'doc_ids': [123, 452]}, {'topic_words': 'urban data', 'score': 8.230341243001398, 'doc_ids': [232, 495]}]"
9,11,"[77, 96, 179, 263, 309, 369, 371, 372, 373, 448, 586]","[{'topic_words': 'pedestrian activity', 'score': 2.4, 'doc_ids': [96]}, {'topic_words': 'store placement', 'score': 2.2, 'doc_ids': [372, 448]}, {'topic_words': 'retail store', 'score': 1.8, 'doc_ids': [372]}, {'topic_words': 'socioeconomic status', 'score': 1.8, 'doc_ids': [371]}, {'topic_words': 'heterogeneous urban', 'score': 1.5, 'doc_ids': [96, 372]}, {'topic_words': 'placement problem', 'score': 1.4, 'doc_ids': [372, 448]}, {'topic_words': 'crime count', 'score': 1.4, 'doc_ids': [373]}, {'topic_words': 'urban data', 'score': 1.4, 'doc_ids': [96, 372, 373, 448, 586]}, {'topic_words': 'socioeconomic indicators', 'score': 1.4, 'doc_ids': [371]}, {'topic_words': 'geographic features', 'score': 1.3, 'doc_ids': [372]}, {'topic_words': 'city region', 'score': 1.3, 'doc_ids': [373]}, {'topic_words': 'human mobility', 'score': 1.2, 'doc_ids': [371]}, {'topic_words': 'prediction model', 'score': 1.0, 'doc_ids': [309]}, {'topic_words': 'restaurant data', 'score': 1.0, 'doc_ids': [77]}, {'topic_words': 'urbanization issues', 'score': 1.0, 'doc_ids': [369]}, {'topic_words': 'local pedestrian', 'score': 1.0, 'doc_ids': [96]}, {'topic_words': 'local businesses', 'score': 1.0, 'doc_ids': [369]}, {'topic_words': 'existing works', 'score': 1.0, 'doc_ids': [372, 448]}]","[{'topic_words': 'machine learning', 'score': 81.82560380791983, 'doc_ids': [179, 263, 309, 369, 372, 586]}, {'topic_words': 'pedestrian activity', 'score': 60.964768597178, 'doc_ids': [96]}, {'topic_words': 'human mobility', 'score': 58.04277021571118, 'doc_ids': [371]}, {'topic_words': 'store placement', 'score': 52.6394564628083, 'doc_ids': [372, 448]}, {'topic_words': 'socioeconomic status', 'score': 42.269050319388604, 'doc_ids': [371]}, {'topic_words': 'retail store', 'score': 40.599829926596065, 'doc_ids': [372]}, {'topic_words': 'urban planning', 'score': 36.21606165371816, 'doc_ids': [179, 263, 369]}, {'topic_words': 'heterogeneous urban', 'score': 33.12918131156612, 'doc_ids': [96, 372]}, {'topic_words': 'urban data', 'score': 32.657231125991586, 'doc_ids': [96, 372, 373, 448, 586]}]"
10,10,"[7, 21, 100, 118, 168, 184, 208, 322, 325, 419]","[{'topic_words': 'electric consumption', 'score': 3.3, 'doc_ids': [7, 325]}, {'topic_words': 'energy use', 'score': 3.2, 'doc_ids': [7, 21, 168, 325]}, {'topic_words': 'building energy', 'score': 2.8, 'doc_ids': [7, 21, 118, 184]}, {'topic_words': 'energy performance', 'score': 2.4, 'doc_ids': [21, 100, 118]}, {'topic_words': 'consumption data', 'score': 2.1, 'doc_ids': [7, 322, 325]}, {'topic_words': 'energy consumption', 'score': 2.0, 'doc_ids': [21, 118, 184, 325, 419]}, {'topic_words': 'consumption forecasting', 'score': 1.7, 'doc_ids': [325]}, {'topic_words': 'ensemble model', 'score': 1.4, 'doc_ids': [325, 419]}, {'topic_words': 'load forecasting', 'score': 1.4, 'doc_ids': [208, 325]}, {'topic_words': 'natural gas', 'score': 1.2, 'doc_ids': [7]}, {'topic_words': 'occupant behaviour', 'score': 1.2, 'doc_ids': [168]}, {'topic_words': 'energy efficiency', 'score': 1.2, 'doc_ids': [7, 100, 118, 419]}, {'topic_words': 'forecasting model', 'score': 1.2, 'doc_ids': [325]}, {'topic_words': 'residential buildings', 'score': 1.1, 'doc_ids': [7, 325]}, {'topic_words': 'building stock', 'score': 1.1, 'doc_ids': [7, 118]}, {'topic_words': 'urban scale', 'score': 1.1, 'doc_ids': [7, 21, 168]}, {'topic_words': 'modelling occupant', 'score': 1.0, 'doc_ids': [168]}, {'topic_words': 'load predictions', 'score': 1.0, 'doc_ids': [208]}, {'topic_words': 'hourly daily', 'score': 1.0, 'doc_ids': [21, 325]}]","[{'topic_words': 'machine learning', 'score': 124.27936806312675, 'doc_ids': [21, 100, 184, 208, 322, 325, 419]}, {'topic_words': 'electric consumption', 'score': 121.0301315296601, 'doc_ids': [7, 325]}, {'topic_words': 'energy use', 'score': 69.23243881506752, 'doc_ids': [7, 21, 168, 325]}, {'topic_words': 'natural gas', 'score': 59.622697469263635, 'doc_ids': [7]}, {'topic_words': 'energy performance', 'score': 57.91704455670214, 'doc_ids': [21, 100, 118]}, {'topic_words': 'occupant behaviour', 'score': 46.98208143500296, 'doc_ids': [168]}, {'topic_words': 'building energy', 'score': 42.4983079233691, 'doc_ids': [7, 21, 118, 184]}, {'topic_words': 'building stock', 'score': 36.656183645112726, 'doc_ids': [7, 118]}, {'topic_words': 'consumption data', 'score': 36.11555934998394, 'doc_ids': [7, 322, 325]}, {'topic_words': 'load forecasting', 'score': 35.92821149097281, 'doc_ids': [208, 325]}, {'topic_words': 'learning models', 'score': 35.02162991350607, 'doc_ids': [184, 325, 419]}, {'topic_words': 'residential buildings', 'score': 31.369479066814996, 'doc_ids': [7, 325]}, {'topic_words': 'ensemble model', 'score': 30.528766293021256, 'doc_ids': [325, 419]}, {'topic_words': 'consumption forecasting', 'score': 30.228581129286837, 'doc_ids': [325]}, {'topic_words': 'smart city', 'score': 29.45838408730085, 'doc_ids': [419]}, {'topic_words': 'urban scale', 'score': 28.85338431810471, 'doc_ids': [7, 21, 168]}, {'topic_words': 'energy efficiency', 'score': 28.390377867642982, 'doc_ids': [7, 100, 118, 419]}, {'topic_words': 'energy consumption', 'score': 26.526937748174042, 'doc_ids': [21, 118, 184, 325, 419]}, {'topic_words': 'urban area', 'score': 24.35232881079411, 'doc_ids': [21, 208, 325]}, {'topic_words': 'forecasting model', 'score': 19.14864845836601, 'doc_ids': [325]}]"
11,11,"[288, 367, 387, 402, 404, 544, 551, 558, 572, 573, 585]","[{'topic_words': 'data sets', 'score': 1.7, 'doc_ids': [544]}, {'topic_words': 'intrusion detection', 'score': 1.5, 'doc_ids': [367]}, {'topic_words': 'data mining', 'score': 1.5, 'doc_ids': [387, 404, 544]}, {'topic_words': 'red unit', 'score': 1.3, 'doc_ids': [551]}, {'topic_words': 'blue unit', 'score': 1.3, 'doc_ids': [551]}, {'topic_words': 'intelligence augmentation', 'score': 1.3, 'doc_ids': [551]}, {'topic_words': 'smart mobility', 'score': 1.3, 'doc_ids': [387]}, {'topic_words': 'smart cities', 'score': 1.2, 'doc_ids': [288, 404]}, {'topic_words': 'massive urban', 'score': 1.2, 'doc_ids': [572, 573]}, {'topic_words': 'computer science', 'score': 1.1, 'doc_ids': [387, 404]}, {'topic_words': 'mining techniques', 'score': 1.0, 'doc_ids': [387, 544]}, {'topic_words': 'topics discussed', 'score': 1.0, 'doc_ids': [558, 572, 585]}, {'topic_words': 'discussed include', 'score': 1.0, 'doc_ids': [558, 572, 585]}, {'topic_words': 'data science', 'score': 0.9, 'doc_ids': [544]}, {'topic_words': 'threat events', 'score': 0.9, 'doc_ids': [402]}, {'topic_words': 'processing mining', 'score': 0.9, 'doc_ids': [572, 573]}, {'topic_words': 'terrorist actions', 'score': 0.9, 'doc_ids': [402]}]","[{'topic_words': 'machine learning', 'score': 140.91671117229794, 'doc_ids': [288, 367, 387, 402, 404, 544, 558, 572, 585]}, {'topic_words': 'smart cities', 'score': 60.804870522115685, 'doc_ids': [288, 404]}, {'topic_words': 'data sets', 'score': 54.995072674432805, 'doc_ids': [544]}, {'topic_words': 'big data', 'score': 46.99006761509439, 'doc_ids': [558, 572, 585]}, {'topic_words': 'data mining', 'score': 45.533179836447616, 'doc_ids': [387, 404, 544]}, {'topic_words': 'intrusion detection', 'score': 40.748638012584074, 'doc_ids': [367]}, {'topic_words': 'urban planning', 'score': 33.79792976350655, 'doc_ids': [288, 367, 404, 544, 585]}, {'topic_words': 'iot system', 'score': 26.007491395941834, 'doc_ids': [367]}, {'topic_words': 'learning techniques', 'score': 19.69656926775872, 'doc_ids': [288, 402]}]"
12,11,"[32, 50, 84, 86, 259, 269, 302, 352, 396, 446, 540]","[{'topic_words': 'travel patterns', 'score': 3.3, 'doc_ids': [86, 259, 302, 396]}, {'topic_words': 'smart card', 'score': 2.3, 'doc_ids': [86, 259, 302]}, {'topic_words': 'urban human', 'score': 2.2, 'doc_ids': [32]}, {'topic_words': 'vehicle ownership', 'score': 2.2, 'doc_ids': [352]}, {'topic_words': 'card data', 'score': 2.1, 'doc_ids': [86, 259, 302]}, {'topic_words': 'transit travel', 'score': 1.9, 'doc_ids': [259, 302]}, {'topic_words': 'human mobility', 'score': 1.9, 'doc_ids': [32, 259, 302]}, {'topic_words': 'public transit', 'score': 1.5, 'doc_ids': [50, 259, 302]}, {'topic_words': 'transit network', 'score': 1.4, 'doc_ids': [259, 302]}, {'topic_words': 'complex public', 'score': 1.4, 'doc_ids': [259, 302]}, {'topic_words': 'discovered travel', 'score': 1.4, 'doc_ids': [259, 302]}, {'topic_words': 'express service', 'score': 1.4, 'doc_ids': [540]}, {'topic_words': 'advanced machine', 'score': 1.2, 'doc_ids': [259, 302]}, {'topic_words': 'mobility data', 'score': 1.2, 'doc_ids': [32]}, {'topic_words': 'learning methods', 'score': 1.1, 'doc_ids': [259, 302]}, {'topic_words': 'forest mla', 'score': 1.1, 'doc_ids': [446]}, {'topic_words': 'transit ridership', 'score': 1.1, 'doc_ids': [50]}]","[{'topic_words': 'machine learning', 'score': 177.22113691072877, 'doc_ids': [50, 84, 86, 259, 302, 352, 446, 540]}, {'topic_words': 'smart card', 'score': 100.80051413398411, 'doc_ids': [86, 259, 302]}, {'topic_words': 'vehicle ownership', 'score': 95.56694597128994, 'doc_ids': [352]}, {'topic_words': 'human mobility', 'score': 93.84752061555977, 'doc_ids': [32, 259, 302]}, {'topic_words': 'travel patterns', 'score': 79.33232134192946, 'doc_ids': [86, 259, 302, 396]}, {'topic_words': 'random forest', 'score': 66.22430620165417, 'doc_ids': [352, 446, 540]}, {'topic_words': 'urban human', 'score': 59.05218237504875, 'doc_ids': [32]}, {'topic_words': 'card data', 'score': 52.08987760547254, 'doc_ids': [86, 259, 302]}, {'topic_words': 'carbon emissions', 'score': 51.453495877731115, 'doc_ids': [84]}, {'topic_words': 'learning methods', 'score': 47.91059063035313, 'doc_ids': [259, 302]}, {'topic_words': 'express service', 'score': 46.72635751851705, 'doc_ids': [540]}, {'topic_words': 'urban planning', 'score': 42.886568500532185, 'doc_ids': [32, 50, 84, 86, 269, 352]}, {'topic_words': 'complex public', 'score': 35.420415797369365, 'doc_ids': [259, 302]}, {'topic_words': 'discovered travel', 'score': 35.2500048723827, 'doc_ids': [259, 302]}, {'topic_words': 'travel behavior', 'score': 35.2500048723827, 'doc_ids': [259, 302]}, {'topic_words': 'proposed approach', 'score': 35.12808990740587, 'doc_ids': [259, 302]}, {'topic_words': 'advanced machine', 'score': 35.030055351507116, 'doc_ids': [259, 302]}, {'topic_words': 'data mining', 'score': 32.87703685214737, 'doc_ids': [32, 396, 540]}, {'topic_words': 'public transit', 'score': 28.582201125167064, 'doc_ids': [50, 259, 302]}, {'topic_words': 'transit travel', 'score': 25.147621827421382, 'doc_ids': [259, 302]}]"
13,25,"[51, 72, 82, 85, 113, 137, 178, 200, 212, 252, 253, 254, 285, 347, 414, 415, 434, 439, 445, 466, 478, 525, 526, 570, 571]","[{'topic_words': 'climate change', 'score': 1.4, 'doc_ids': [51, 137, 252, 253, 415, 445, 466, 526]}, {'topic_words': 'air quality', 'score': 1.4, 'doc_ids': [82, 285, 414, 525, 526]}, {'topic_words': 'thermal comfort', 'score': 1.3, 'doc_ids': [178, 285]}, {'topic_words': 'carbon emissions', 'score': 1.0, 'doc_ids': [252, 439]}, {'topic_words': 'natural ventilation', 'score': 0.8, 'doc_ids': [113, 212]}, {'topic_words': 'built environment', 'score': 0.7, 'doc_ids': [72, 113, 212, 439, 445]}, {'topic_words': 'cfd simulation', 'score': 0.7, 'doc_ids': [113, 212, 571]}, {'topic_words': 'urban climate', 'score': 0.7, 'doc_ids': [51, 253]}, {'topic_words': 'air pollution', 'score': 0.7, 'doc_ids': [82, 414, 434]}, {'topic_words': 'ventilation potential', 'score': 0.6, 'doc_ids': [113, 212]}, {'topic_words': 'upscaling urban', 'score': 0.6, 'doc_ids': [51, 253]}, {'topic_words': 'exposure index', 'score': 0.6, 'doc_ids': [415]}, {'topic_words': 'noise pollution', 'score': 0.6, 'doc_ids': [200]}, {'topic_words': 'gradient boosting', 'score': 0.6, 'doc_ids': [72, 82, 113, 212, 525]}, {'topic_words': 'urban areas', 'score': 0.5, 'doc_ids': [51, 137, 178, 254, 445, 525]}, {'topic_words': 'climate solutions', 'score': 0.5, 'doc_ids': [51, 253]}, {'topic_words': 'heating cooling', 'score': 0.5, 'doc_ids': [285]}, {'topic_words': 'change mitigation', 'score': 0.5, 'doc_ids': [137, 253]}, {'topic_words': 'reduced order', 'score': 0.5, 'doc_ids': [85]}]","[{'topic_words': 'machine learning', 'score': 389.82327661056627, 'doc_ids': [51, 82, 85, 113, 137, 212, 252, 253, 254, 285, 414, 415, 434, 439, 445, 478, 526, 571]}, {'topic_words': 'air quality', 'score': 179.4436269494404, 'doc_ids': [82, 285, 414, 525, 526]}, {'topic_words': 'climate change', 'score': 171.13162597758918, 'doc_ids': [51, 137, 252, 253, 415, 445, 466, 526]}, {'topic_words': 'thermal comfort', 'score': 161.65457437962445, 'doc_ids': [178, 285]}, {'topic_words': 'built environment', 'score': 116.73580139218046, 'doc_ids': [72, 113, 212, 439, 445]}, {'topic_words': 'carbon emissions', 'score': 112.72706755483131, 'doc_ids': [252, 439]}, {'topic_words': 'neural network', 'score': 102.7546987613023, 'doc_ids': [252, 439, 445, 571]}, {'topic_words': 'urban planning', 'score': 100.84509048002721, 'doc_ids': [113, 137, 178, 200, 212, 252, 253, 254, 347, 415, 439, 445, 466, 525, 570, 571]}, {'topic_words': 'gradient boosting', 'score': 95.09338153950418, 'doc_ids': [72, 82, 113, 212, 525]}, {'topic_words': 'natural ventilation', 'score': 86.85296670855863, 'doc_ids': [113, 212]}, {'topic_words': 'urban areas', 'score': 76.66562516727647, 'doc_ids': [51, 137, 178, 254, 445, 525]}, {'topic_words': 'big data', 'score': 67.40982906865149, 'doc_ids': [51, 137, 253, 445, 526]}, {'topic_words': 'linear regression', 'score': 61.80048211402229, 'doc_ids': [82, 113, 212, 434, 525]}, {'topic_words': 'cfd simulation', 'score': 61.45461794044572, 'doc_ids': [113, 212, 571]}, {'topic_words': 'noise pollution', 'score': 54.44946979435739, 'doc_ids': [200]}, {'topic_words': 'air pollution', 'score': 51.97558335727882, 'doc_ids': [82, 414, 434]}, {'topic_words': 'exposure index', 'score': 51.3979311285957, 'doc_ids': [415]}, {'topic_words': 'reduced order', 'score': 49.44370442441113, 'doc_ids': [85]}, {'topic_words': 'energy resources', 'score': 47.08379960371876, 'doc_ids': [570]}, {'topic_words': 'wind speed', 'score': 45.59126288255137, 'doc_ids': [113, 178, 434, 571]}]"
14,14,"[66, 119, 129, 138, 167, 181, 223, 228, 299, 324, 346, 395, 458, 470]","[{'topic_words': 'landslide susceptibility', 'score': 3.1, 'doc_ids': [66, 119, 129, 167, 324, 395]}, {'topic_words': 'rf model', 'score': 1.3, 'doc_ids': [66, 129]}, {'topic_words': 'rockfall hazard', 'score': 1.2, 'doc_ids': [228]}, {'topic_words': 'nile delta', 'score': 1.2, 'doc_ids': [299]}, {'topic_words': 'susceptibility mapping', 'score': 1.1, 'doc_ids': [66, 129, 167, 395]}, {'topic_words': 'conditioning factors', 'score': 1.1, 'doc_ids': [129, 228, 324]}, {'topic_words': 'burnt areas', 'score': 1.0, 'doc_ids': [119]}, {'topic_words': 'urban expansion', 'score': 0.9, 'doc_ids': [138, 458]}, {'topic_words': 'landslide risk', 'score': 0.9, 'doc_ids': [66, 119, 167, 324]}, {'topic_words': 'frequency ratio', 'score': 0.9, 'doc_ids': [66, 129, 324]}, {'topic_words': 'hilla city', 'score': 0.9, 'doc_ids': [470]}, {'topic_words': 'hazard assessment', 'score': 0.9, 'doc_ids': [228]}, {'topic_words': 'planned settlements', 'score': 0.9, 'doc_ids': [346]}, {'topic_words': 'fr model', 'score': 0.9, 'doc_ids': [129]}, {'topic_words': 'greater athens', 'score': 0.9, 'doc_ids': [181]}, {'topic_words': 'roc curve', 'score': 0.8, 'doc_ids': [66, 129, 395]}, {'topic_words': 'characteristic roc', 'score': 0.8, 'doc_ids': [66, 129, 324, 395]}, {'topic_words': 'urban growth', 'score': 0.8, 'doc_ids': [181, 223, 346, 470]}, {'topic_words': 'operating characteristic', 'score': 0.7, 'doc_ids': [66, 129, 324, 395]}, {'topic_words': 'receiver operating', 'score': 0.7, 'doc_ids': [66, 129, 324, 395]}]","[{'topic_words': 'landslide susceptibility', 'score': 176.6955369526341, 'doc_ids': [66, 119, 129, 167, 324, 395]}, {'topic_words': 'machine learning', 'score': 137.91542958461966, 'doc_ids': [66, 119, 129, 167, 181, 223, 299, 470]}, {'topic_words': 'land use', 'score': 112.15703099763272, 'doc_ids': [223, 299, 324, 395, 470]}, {'topic_words': 'land cover', 'score': 91.29392111611833, 'doc_ids': [223, 299, 470]}, {'topic_words': 'nile delta', 'score': 89.80645785698431, 'doc_ids': [299]}, {'topic_words': 'urban planning', 'score': 84.44222497458203, 'doc_ids': [66, 119, 129, 167, 228, 299, 324, 346, 395, 458, 470]}, {'topic_words': 'random forest', 'score': 80.80909554308337, 'doc_ids': [66, 129, 223, 228, 346]}, {'topic_words': 'support vector', 'score': 66.07819209112954, 'doc_ids': [228, 395, 470]}, {'topic_words': 'conditioning factors', 'score': 64.02454265162808, 'doc_ids': [129, 228, 324]}, {'topic_words': 'operating characteristic', 'score': 63.116730121170455, 'doc_ids': [66, 129, 324, 395]}, {'topic_words': 'receiver operating', 'score': 63.116730121170455, 'doc_ids': [66, 129, 324, 395]}, {'topic_words': 'rockfall hazard', 'score': 62.87141173698661, 'doc_ids': [228]}, {'topic_words': 'urban expansion', 'score': 62.26097738426685, 'doc_ids': [138, 458]}, {'topic_words': 'susceptibility mapping', 'score': 58.513263195167035, 'doc_ids': [66, 129, 167, 395]}, {'topic_words': 'rf model', 'score': 56.81483080667174, 'doc_ids': [66, 129]}, {'topic_words': 'characteristic roc', 'score': 55.478560101632695, 'doc_ids': [66, 129, 324, 395]}, {'topic_words': 'greater athens', 'score': 55.478560101632695, 'doc_ids': [181]}, {'topic_words': 'frequency ratio', 'score': 53.10919120455236, 'doc_ids': [66, 129, 324]}, {'topic_words': 'roc curve', 'score': 50.47555510439822, 'doc_ids': [66, 129, 395]}, {'topic_words': 'hilla city', 'score': 49.65649678098532, 'doc_ids': [470]}]"
15,12,"[45, 91, 126, 169, 247, 327, 340, 392, 416, 457, 527, 584]","[{'topic_words': 'social media', 'score': 2.5, 'doc_ids': [45, 91, 247, 340, 457, 527, 584]}, {'topic_words': 'health hazard', 'score': 2.1, 'doc_ids': [45]}, {'topic_words': 'opportunistic criminals', 'score': 1.2, 'doc_ids': [126]}, {'topic_words': 'urban waterlogging', 'score': 1.2, 'doc_ids': [327]}, {'topic_words': 'twitter data', 'score': 1.2, 'doc_ids': [91, 340, 457, 527]}, {'topic_words': 'crime patterns', 'score': 1.2, 'doc_ids': [416]}, {'topic_words': 'crash location', 'score': 1.2, 'doc_ids': [340, 457]}, {'topic_words': 'traffic incidents', 'score': 1.2, 'doc_ids': [527]}, {'topic_words': 'media data', 'score': 1.1, 'doc_ids': [91, 340, 457, 527]}, {'topic_words': 'traffic related', 'score': 1.0, 'doc_ids': [340, 457, 527]}, {'topic_words': 'rnn model', 'score': 1.0, 'doc_ids': [327]}, {'topic_words': 'track contributions', 'score': 1.0, 'doc_ids': [584]}, {'topic_words': 'abstract game', 'score': 1.0, 'doc_ids': [126]}, {'topic_words': 'media big', 'score': 1.0, 'doc_ids': [247]}, {'topic_words': 'physical sensor', 'score': 1.0, 'doc_ids': [45]}, {'topic_words': 'openly available', 'score': 0.9, 'doc_ids': [340, 416, 457]}, {'topic_words': 'urban data', 'score': 0.8, 'doc_ids': [45, 91, 169, 392, 584]}, {'topic_words': 'urban problems', 'score': 0.8, 'doc_ids': [126]}]","[{'topic_words': 'machine learning', 'score': 185.93994995390113, 'doc_ids': [45, 91, 169, 247, 327, 340, 416, 457, 527, 584]}, {'topic_words': 'social media', 'score': 167.9840945151493, 'doc_ids': [45, 91, 247, 340, 457, 527, 584]}, {'topic_words': 'health hazard', 'score': 96.34861976528578, 'doc_ids': [45]}, {'topic_words': 'urban planning', 'score': 60.16239917169372, 'doc_ids': [247, 340, 457, 527]}, {'topic_words': 'big data', 'score': 49.80962312574593, 'doc_ids': [247, 340, 457]}, {'topic_words': 'traffic incidents', 'score': 45.75025812096093, 'doc_ids': [527]}, {'topic_words': 'opportunistic criminals', 'score': 45.60833020488003, 'doc_ids': [126]}, {'topic_words': 'crime patterns', 'score': 38.422663151890305, 'doc_ids': [416]}, {'topic_words': 'smart cities', 'score': 33.82777847635718, 'doc_ids': [91, 169, 584]}, {'topic_words': 'urban waterlogging', 'score': 27.009417929742867, 'doc_ids': [327]}, {'topic_words': 'learning model', 'score': 23.33866877023491, 'doc_ids': [340, 457, 527]}, {'topic_words': 'urban data', 'score': 20.586181651001624, 'doc_ids': [45, 91, 169, 392, 584]}, {'topic_words': 'media data', 'score': 20.189524442511928, 'doc_ids': [91, 340, 457, 527]}, {'topic_words': 'twitter data', 'score': 12.655404383609163, 'doc_ids': [91, 340, 457, 527]}]"
16,18,"[133, 141, 152, 161, 163, 187, 199, 207, 231, 249, 276, 277, 332, 343, 486, 490, 566, 569]","[{'topic_words': 'positive deviance', 'score': 1.8, 'doc_ids': [187]}, {'topic_words': 'social media', 'score': 1.2, 'doc_ids': [163, 187, 199, 207, 343]}, {'topic_words': 'natural language', 'score': 0.9, 'doc_ids': [152, 199, 276, 277]}, {'topic_words': 'emotional computing', 'score': 0.9, 'doc_ids': [199]}, {'topic_words': 'educational game', 'score': 0.9, 'doc_ids': [152, 277]}, {'topic_words': 'health outcomes', 'score': 0.9, 'doc_ids': [490]}, {'topic_words': 'data analysis', 'score': 0.9, 'doc_ids': [133, 163, 249, 486]}, {'topic_words': 'big data', 'score': 0.9, 'doc_ids': [187, 249, 343, 486]}, {'topic_words': 'analysis methods', 'score': 0.8, 'doc_ids': [343]}, {'topic_words': 'localization decisions', 'score': 0.7, 'doc_ids': [569]}, {'topic_words': 'educational data', 'score': 0.7, 'doc_ids': [152]}, {'topic_words': 'path dependency', 'score': 0.7, 'doc_ids': [569]}, {'topic_words': 'predictive analytics', 'score': 0.7, 'doc_ids': [141]}, {'topic_words': 'linguistic features', 'score': 0.7, 'doc_ids': [207, 277]}, {'topic_words': 'role path', 'score': 0.7, 'doc_ids': [569]}, {'topic_words': 'planning firm', 'score': 0.7, 'doc_ids': [152, 276, 277]}, {'topic_words': 'subjective data', 'score': 0.7, 'doc_ids': [161]}]","[{'topic_words': 'machine learning', 'score': 243.81614350731337, 'doc_ids': [133, 141, 152, 161, 207, 231, 276, 277, 332, 343, 486, 490, 566, 569]}, {'topic_words': 'positive deviance', 'score': 127.90556191084694, 'doc_ids': [187]}, {'topic_words': 'social media', 'score': 113.98841416613462, 'doc_ids': [163, 187, 199, 207, 343]}, {'topic_words': 'big data', 'score': 84.90300172097088, 'doc_ids': [187, 249, 343, 486]}, {'topic_words': 'natural language', 'score': 76.29759403466917, 'doc_ids': [152, 199, 276, 277]}, {'topic_words': 'urban planning', 'score': 75.95773236894658, 'doc_ids': [152, 163, 187, 199, 207, 276, 277, 343]}, {'topic_words': 'artificial intelligence', 'score': 62.82428016237028, 'doc_ids': [199, 486]}, {'topic_words': 'emotional computing', 'score': 53.26356669656367, 'doc_ids': [199]}, {'topic_words': 'health outcomes', 'score': 53.26356669656367, 'doc_ids': [490]}, {'topic_words': 'educational game', 'score': 45.62856918222336, 'doc_ids': [152, 277]}, {'topic_words': 'visual analytics', 'score': 41.73222433123701, 'doc_ids': [486]}, {'topic_words': 'data mining', 'score': 41.20435686984708, 'doc_ids': [141, 152]}, {'topic_words': 'learning algorithms', 'score': 34.343053252553084, 'doc_ids': [152, 207, 276, 490]}, {'topic_words': 'learning techniques', 'score': 28.559166041863968, 'doc_ids': [133, 161, 231, 276]}, {'topic_words': 'data analysis', 'score': 28.20481484946677, 'doc_ids': [133, 163, 249, 486]}, {'topic_words': 'analysis methods', 'score': 26.16057103030333, 'doc_ids': [343]}, {'topic_words': 'urban data', 'score': 19.87212966548001, 'doc_ids': [133, 231, 332, 343, 486]}, {'topic_words': 'media data', 'score': 19.630616292853283, 'doc_ids': [163]}]"
17,15,"[59, 115, 121, 209, 214, 235, 287, 300, 301, 310, 320, 460, 489, 497, 542]","[{'topic_words': 'shared bus', 'score': 2.1, 'doc_ids': [460]}, {'topic_words': 'traffic light', 'score': 1.6, 'doc_ids': [59, 209, 310]}, {'topic_words': 'light control', 'score': 1.5, 'doc_ids': [59, 310, 497]}, {'topic_words': 'reinforcement learning', 'score': 1.4, 'doc_ids': [59, 121, 489, 497]}, {'topic_words': 'route planning', 'score': 1.3, 'doc_ids': [460]}, {'topic_words': 'signal control', 'score': 1.2, 'doc_ids': [489, 497]}, {'topic_words': 'dynamic routing', 'score': 1.2, 'doc_ids': [209, 460]}, {'topic_words': 'traffic control', 'score': 1.2, 'doc_ids': [320]}, {'topic_words': 'traffic conditions', 'score': 1.1, 'doc_ids': [209, 320, 489]}, {'topic_words': 'traffic congestion', 'score': 1.1, 'doc_ids': [59, 209, 287, 460]}, {'topic_words': 'routing schemes', 'score': 1.0, 'doc_ids': [310]}, {'topic_words': 'cognitive computing', 'score': 1.0, 'doc_ids': [287]}, {'topic_words': 'smart navigation', 'score': 1.0, 'doc_ids': [214]}, {'topic_words': 'turning movements', 'score': 1.0, 'doc_ids': [59]}, {'topic_words': 'parking assist', 'score': 1.0, 'doc_ids': [214]}, {'topic_words': 'urban traffic', 'score': 0.9, 'doc_ids': [59, 287, 310, 489]}, {'topic_words': 'travel demand', 'score': 0.9, 'doc_ids': [460, 497]}, {'topic_words': 'urban road', 'score': 0.8, 'doc_ids': [301, 489, 497]}]","[{'topic_words': 'machine learning', 'score': 100.70440061757911, 'doc_ids': [59, 209, 214, 235, 287, 300, 301, 310, 460]}, {'topic_words': 'shared bus', 'score': 87.78117462525826, 'doc_ids': [460]}, {'topic_words': 'reinforcement learning', 'score': 69.27171243145881, 'doc_ids': [59, 121, 489, 497]}, {'topic_words': 'route planning', 'score': 54.78981695208554, 'doc_ids': [460]}, {'topic_words': 'control system', 'score': 42.00610218855449, 'doc_ids': [59, 310, 320]}, {'topic_words': 'light control', 'score': 39.43653947590479, 'doc_ids': [59, 310, 497]}, {'topic_words': 'traffic light', 'score': 37.95540892871438, 'doc_ids': [59, 209, 310]}, {'topic_words': 'urban environments', 'score': 31.391994988803546, 'doc_ids': [121, 542]}, {'topic_words': 'traffic congestion', 'score': 30.675578544418926, 'doc_ids': [59, 209, 287, 460]}, {'topic_words': 'dynamic routing', 'score': 30.495430872200185, 'doc_ids': [209, 460]}, {'topic_words': 'signal control', 'score': 30.24423784480492, 'doc_ids': [489, 497]}, {'topic_words': 'traffic conditions', 'score': 26.142965766416697, 'doc_ids': [209, 320, 489]}, {'topic_words': 'urban areas', 'score': 23.035234245530003, 'doc_ids': [209, 310, 460, 489]}, {'topic_words': 'traffic control', 'score': 16.54919482071, 'doc_ids': [320]}, {'topic_words': 'urban traffic', 'score': 8.34885037478664, 'doc_ids': [59, 287, 310, 489]}]"
18,13,"[107, 122, 239, 260, 298, 386, 407, 463, 482, 507, 590, 596, 599]","[{'topic_words': 'traffic safety', 'score': 1.8, 'doc_ids': [407]}, {'topic_words': 'western cape', 'score': 1.2, 'doc_ids': [407]}, {'topic_words': 'detection method', 'score': 1.1, 'doc_ids': [386]}, {'topic_words': 'road traffic', 'score': 1.1, 'doc_ids': [407, 463]}, {'topic_words': 'anomaly detection', 'score': 1.0, 'doc_ids': [386]}, {'topic_words': 'railway stations', 'score': 1.0, 'doc_ids': [260]}, {'topic_words': 'person detection', 'score': 1.0, 'doc_ids': [386]}, {'topic_words': 'ai techniques', 'score': 1.0, 'doc_ids': [482]}, {'topic_words': 'urban computing', 'score': 1.0, 'doc_ids': [482]}, {'topic_words': 'urban transportation', 'score': 0.9, 'doc_ids': [482, 507, 596]}, {'topic_words': 'reinforcement learning', 'score': 0.9, 'doc_ids': [122, 298, 482]}, {'topic_words': 'vehicle selection', 'score': 0.8, 'doc_ids': [122]}, {'topic_words': 'safety management', 'score': 0.8, 'doc_ids': [407]}, {'topic_words': 'management strategy', 'score': 0.8, 'doc_ids': [407]}, {'topic_words': 'deep reinforcement', 'score': 0.7, 'doc_ids': [122]}, {'topic_words': 'new technologies', 'score': 0.7, 'doc_ids': [260, 463]}, {'topic_words': 'urban mobility', 'score': 0.7, 'doc_ids': [239, 463, 507]}, {'topic_words': 'traffic control', 'score': 0.6, 'doc_ids': [239]}]","[{'topic_words': 'machine learning', 'score': 96.28208704465655, 'doc_ids': [107, 239, 260, 386, 507, 590]}, {'topic_words': 'western cape', 'score': 74.66611077732746, 'doc_ids': [407]}, {'topic_words': 'ai techniques', 'score': 53.50169288738857, 'doc_ids': [482]}, {'topic_words': 'railway stations', 'score': 49.153972434858986, 'doc_ids': [260]}, {'topic_words': 'reinforcement learning', 'score': 46.775327958097144, 'doc_ids': [122, 298, 482]}, {'topic_words': 'traffic safety', 'score': 46.76174626932318, 'doc_ids': [407]}, {'topic_words': 'road traffic', 'score': 46.41764199838259, 'doc_ids': [407, 463]}, {'topic_words': 'anomaly detection', 'score': 46.24294077453387, 'doc_ids': [386]}, {'topic_words': 'urban computing', 'score': 37.61971798550297, 'doc_ids': [482]}, {'topic_words': 'person detection', 'score': 36.69718291812088, 'doc_ids': [386]}, {'topic_words': 'detection method', 'score': 35.17252980624707, 'doc_ids': [386]}, {'topic_words': 'urban planning', 'score': 30.91240691182046, 'doc_ids': [107, 298, 463, 482]}, {'topic_words': 'urban transportation', 'score': 13.326248070491785, 'doc_ids': [482, 507, 596]}]"
19,14,"[12, 81, 174, 190, 192, 202, 257, 283, 391, 408, 441, 493, 510, 519]","[{'topic_words': 'geographical areas', 'score': 1.5, 'doc_ids': [192, 510]}, {'topic_words': 'human mobility', 'score': 1.3, 'doc_ids': [81, 190, 283, 391]}, {'topic_words': 'mobile phone', 'score': 1.1, 'doc_ids': [12, 174, 192]}, {'topic_words': 'district discovery', 'score': 1.1, 'doc_ids': [283]}, {'topic_words': 'temporally varying', 'score': 1.1, 'doc_ids': [441]}, {'topic_words': 'commercial district', 'score': 1.1, 'doc_ids': [283]}, {'topic_words': 'convolution networks', 'score': 1.1, 'doc_ids': [283]}, {'topic_words': 'graph convolution', 'score': 1.1, 'doc_ids': [283]}, {'topic_words': 'street context', 'score': 0.9, 'doc_ids': [408]}, {'topic_words': 'urban regions', 'score': 0.9, 'doc_ids': [190]}, {'topic_words': 'demographic groups', 'score': 0.8, 'doc_ids': [408]}, {'topic_words': 'street demand', 'score': 0.8, 'doc_ids': [408]}, {'topic_words': 'geographic movement', 'score': 0.8, 'doc_ids': [519]}, {'topic_words': 'standard hds', 'score': 0.8, 'doc_ids': [202]}, {'topic_words': 'sns data', 'score': 0.8, 'doc_ids': [190]}, {'topic_words': 'different geographical', 'score': 0.8, 'doc_ids': [510]}, {'topic_words': 'semantic relationships', 'score': 0.8, 'doc_ids': [510]}, {'topic_words': 'new similarity', 'score': 0.8, 'doc_ids': [257]}, {'topic_words': 'varying impacts', 'score': 0.8, 'doc_ids': [441]}]","[{'topic_words': 'machine learning', 'score': 125.6085030332345, 'doc_ids': [12, 81, 174, 192, 257, 283, 391, 441, 493, 519]}, {'topic_words': 'urban planning', 'score': 114.40134631697285, 'doc_ids': [12, 174, 190, 192, 202, 257, 391, 408, 441, 493, 510, 519]}, {'topic_words': 'human mobility', 'score': 74.440611462573, 'doc_ids': [81, 190, 283, 391]}, {'topic_words': 'mobile phone', 'score': 72.42305822507856, 'doc_ids': [12, 174, 192]}, {'topic_words': 'social media', 'score': 65.99075371598418, 'doc_ids': [12, 202, 493]}, {'topic_words': 'temporally varying', 'score': 61.35344570794101, 'doc_ids': [441]}, {'topic_words': 'district discovery', 'score': 53.71527568840325, 'doc_ids': [283]}, {'topic_words': 'graph convolution', 'score': 51.79273224213441, 'doc_ids': [283]}, {'topic_words': 'geographical areas', 'score': 49.12629891216029, 'doc_ids': [192, 510]}, {'topic_words': 'convolution networks', 'score': 45.30515969495213, 'doc_ids': [283]}, {'topic_words': 'commercial district', 'score': 44.158375984336956, 'doc_ids': [283]}, {'topic_words': 'land use', 'score': 42.630006623567745, 'doc_ids': [192, 202]}, {'topic_words': 'street context', 'score': 32.96849551751462, 'doc_ids': [408]}, {'topic_words': 'urban regions', 'score': 22.68653266616778, 'doc_ids': [190]}]"
20,33,"[17, 37, 39, 56, 64, 105, 132, 140, 157, 204, 224, 242, 261, 264, 294, 295, 297, 306, 333, 334, 350, 351, 370, 380, 397, 403, 418, 447, 476, 528, 543, 549, 560]","[{'topic_words': 'traffic flow', 'score': 1.5, 'doc_ids': [17, 56, 105, 224]}, {'topic_words': 'mobility patterns', 'score': 1.2, 'doc_ids': [39, 333, 418]}, {'topic_words': 'flow prediction', 'score': 1.0, 'doc_ids': [224, 295, 476]}, {'topic_words': 'human mobility', 'score': 1.0, 'doc_ids': [39, 333, 476]}, {'topic_words': 'transit mobility', 'score': 0.9, 'doc_ids': [418]}, {'topic_words': 'mobility structure', 'score': 0.8, 'doc_ids': [418]}, {'topic_words': 'traffic congestion', 'score': 0.8, 'doc_ids': [56, 105, 132, 140, 157, 397]}, {'topic_words': 'road traffic', 'score': 0.8, 'doc_ids': [105, 140, 157, 294, 543]}, {'topic_words': 'traffic volume', 'score': 0.8, 'doc_ids': [17, 560]}, {'topic_words': 'mobility data', 'score': 0.8, 'doc_ids': [39, 64, 350, 351]}, {'topic_words': 'mobile phone', 'score': 0.7, 'doc_ids': [370, 403]}, {'topic_words': 'trajectory data', 'score': 0.7, 'doc_ids': [17, 333, 549]}, {'topic_words': 'flow forecasting', 'score': 0.6, 'doc_ids': [56]}, {'topic_words': 'truck drivers', 'score': 0.6, 'doc_ids': [380]}, {'topic_words': 'citywide traffic', 'score': 0.6, 'doc_ids': [17, 204]}, {'topic_words': 'flow patterns', 'score': 0.6, 'doc_ids': [105, 549]}, {'topic_words': 'urban traffic', 'score': 0.6, 'doc_ids': [105, 140, 204, 224, 294]}, {'topic_words': 'bike flow', 'score': 0.5, 'doc_ids': [549]}, {'topic_words': 'travel speed', 'score': 0.5, 'doc_ids': [17, 397]}, {'topic_words': 'planned special', 'score': 0.5, 'doc_ids': [294]}]","[{'topic_words': 'machine learning', 'score': 269.00824810411217, 'doc_ids': [17, 39, 64, 105, 132, 140, 157, 204, 261, 264, 294, 297, 306, 333, 334, 350, 351, 380, 403, 447, 560]}, {'topic_words': 'urban planning', 'score': 134.75737813540565, 'doc_ids': [39, 56, 105, 224, 242, 264, 295, 306, 333, 350, 370, 403, 476, 528, 543, 549, 560]}, {'topic_words': 'traffic flow', 'score': 112.69395696868187, 'doc_ids': [17, 56, 105, 224]}, {'topic_words': 'human mobility', 'score': 109.60820103162189, 'doc_ids': [39, 333, 476]}, {'topic_words': 'mobile phone', 'score': 99.0933411208592, 'doc_ids': [370, 403]}, {'topic_words': 'mobility patterns', 'score': 76.54252809893973, 'doc_ids': [39, 333, 418]}, {'topic_words': 'traffic congestion', 'score': 72.84911694168588, 'doc_ids': [56, 105, 132, 140, 157, 397]}, {'topic_words': 'flow prediction', 'score': 63.40322105071245, 'doc_ids': [224, 295, 476]}, {'topic_words': 'big data', 'score': 62.51401517402034, 'doc_ids': [105, 224, 334, 476]}, {'topic_words': 'transit mobility', 'score': 62.22304677079665, 'doc_ids': [418]}, {'topic_words': 'road traffic', 'score': 62.197620043460844, 'doc_ids': [105, 140, 157, 294, 543]}, {'topic_words': 'planned special', 'score': 61.53898520685539, 'doc_ids': [294]}, {'topic_words': 'experimental results', 'score': 60.34938171083628, 'doc_ids': [56, 132, 295, 333, 418]}, {'topic_words': 'mobility structure', 'score': 59.868980474308316, 'doc_ids': [418]}, {'topic_words': 'truck drivers', 'score': 58.711100269859045, 'doc_ids': [380]}, {'topic_words': 'population distribution', 'score': 56.5035238291955, 'doc_ids': [370]}, {'topic_words': 'weather conditions', 'score': 55.452654553278144, 'doc_ids': [105, 297, 397]}, {'topic_words': 'artificial neural', 'score': 51.97926775700698, 'doc_ids': [37, 297]}, {'topic_words': 'input representations', 'score': 50.44995844943253, 'doc_ids': [447]}, {'topic_words': 'special events', 'score': 50.44995844943253, 'doc_ids': [294]}]"
21,47,"[8, 28, 30, 34, 49, 69, 73, 74, 95, 103, 130, 142, 154, 159, 166, 171, 172, 197, 201, 243, 251, 296, 303, 305, 328, 337, 349, 379, 393, 398, 430, 438, 455, 461, 462, 472, 483, 484, 521, 523, 559, 563, 575, 582, 589, 593, 594]","[{'topic_words': 'land use', 'score': 1.1, 'doc_ids': [30, 69, 73, 95, 103, 130, 142, 159, 243, 296, 430, 455, 483, 521, 593, 594]}, {'topic_words': 'urban expansion', 'score': 1.0, 'doc_ids': [8, 49, 69, 74, 95, 154, 337, 563]}, {'topic_words': 'cellular automata', 'score': 0.9, 'doc_ids': [8, 28, 49, 74, 103, 142, 154, 201, 305, 455, 483, 484]}, {'topic_words': 'urban land', 'score': 0.9, 'doc_ids': [69, 95, 103, 130, 159, 243, 328, 430, 455, 484, 521, 593]}, {'topic_words': 'urbanization process', 'score': 0.8, 'doc_ids': [49, 593]}, {'topic_words': 'urban growth', 'score': 0.8, 'doc_ids': [73, 74, 130, 154, 201, 296, 305, 455, 484]}, {'topic_words': 'urban development', 'score': 0.6, 'doc_ids': [8, 49, 69, 171, 305, 337, 430, 462, 563, 593]}, {'topic_words': 'residential land', 'score': 0.6, 'doc_ids': [130, 303, 328, 430, 575]}, {'topic_words': 'land growth', 'score': 0.6, 'doc_ids': [130, 455]}, {'topic_words': 'lucc analog', 'score': 0.6, 'doc_ids': [593]}, {'topic_words': 'artificial neural', 'score': 0.5, 'doc_ids': [28, 74, 95, 142, 154, 171, 172, 393, 521, 582, 593]}, {'topic_words': 'land change', 'score': 0.5, 'doc_ids': [28, 95, 154, 305, 430, 593]}, {'topic_words': 'ca model', 'score': 0.5, 'doc_ids': [8, 49, 455, 593]}, {'topic_words': 'driving forces', 'score': 0.5, 'doc_ids': [69, 154, 430, 593]}, {'topic_words': 'complexity science', 'score': 0.5, 'doc_ids': [593]}, {'topic_words': 'carbon sequestration', 'score': 0.5, 'doc_ids': [559]}, {'topic_words': 'sequestration potential', 'score': 0.5, 'doc_ids': [559]}, {'topic_words': 'use change', 'score': 0.5, 'doc_ids': [73, 103, 142, 159, 243, 483]}, {'topic_words': 'building heights', 'score': 0.5, 'doc_ids': [171]}, {'topic_words': 'food productivity', 'score': 0.5, 'doc_ids': [559]}]","[{'topic_words': 'land use', 'score': 562.1901135147541, 'doc_ids': [30, 69, 73, 95, 103, 130, 142, 159, 243, 296, 430, 455, 483, 521, 593, 594]}, {'topic_words': 'machine learning', 'score': 405.23448585694257, 'doc_ids': [28, 30, 49, 69, 73, 74, 103, 159, 172, 201, 251, 328, 349, 379, 393, 398, 430, 438, 462, 472, 484, 521, 559, 563, 582, 589]}, {'topic_words': 'cellular automata', 'score': 233.35339757541277, 'doc_ids': [8, 28, 49, 74, 103, 142, 154, 201, 305, 455, 483, 484]}, {'topic_words': 'urban planning', 'score': 196.99272444287942, 'doc_ids': [28, 49, 69, 95, 103, 142, 166, 171, 172, 197, 296, 305, 328, 337, 349, 393, 438, 461, 462, 472, 483, 484, 521, 523, 559, 563, 575, 582, 593, 594]}, {'topic_words': 'neural network', 'score': 194.73179013331884, 'doc_ids': [49, 74, 103, 142, 154, 171, 172, 379, 393, 521, 582, 593]}, {'topic_words': 'artificial neural', 'score': 164.0861939417394, 'doc_ids': [28, 74, 95, 142, 154, 171, 172, 393, 521, 582, 593]}, {'topic_words': 'urban expansion', 'score': 140.5060248270956, 'doc_ids': [8, 49, 69, 74, 95, 154, 337, 563]}, {'topic_words': 'urbanization process', 'score': 134.94181560836998, 'doc_ids': [49, 593]}, {'topic_words': 'carbon sequestration', 'score': 131.74539146237538, 'doc_ids': [559]}, {'topic_words': 'artificial intelligence', 'score': 115.32783302953732, 'doc_ids': [34, 154, 243, 305, 521, 582, 594]}, {'topic_words': 'driving forces', 'score': 113.421749130076, 'doc_ids': [69, 154, 430, 593]}, {'topic_words': 'building heights', 'score': 112.57599760190574, 'doc_ids': [171]}, {'topic_words': 'food productivity', 'score': 111.11896587325937, 'doc_ids': [559]}, {'topic_words': 'lucc analog', 'score': 108.14001416689172, 'doc_ids': [593]}, {'topic_words': 'sequestration potential', 'score': 103.83519703886894, 'doc_ids': [559]}, {'topic_words': 'intelligent computation', 'score': 102.72668942753172, 'doc_ids': [593]}, {'topic_words': 'urban land', 'score': 100.57475184378998, 'doc_ids': [69, 95, 103, 130, 159, 243, 328, 430, 455, 484, 521, 593]}, {'topic_words': 'road traffic', 'score': 92.71434077331593, 'doc_ids': [393]}, {'topic_words': 'complexity science', 'score': 88.8470948160911, 'doc_ids': [593]}, {'topic_words': 'agricultural afforestation', 'score': 81.63552442662552, 'doc_ids': [559]}]"
22,22,"[1, 24, 52, 67, 71, 75, 76, 101, 108, 112, 149, 165, 203, 244, 312, 360, 424, 502, 531, 538, 547, 564]","[{'topic_words': 'land cover', 'score': 2.5, 'doc_ids': [1, 24, 67, 76, 101, 112, 165, 244, 312, 360, 531, 538, 547]}, {'topic_words': 'image classification', 'score': 1.5, 'doc_ids': [67, 71, 76, 112, 149, 244, 360, 538]}, {'topic_words': 'cover classification', 'score': 1.2, 'doc_ids': [24, 76, 360, 547]}, {'topic_words': 'overall accuracy', 'score': 1.1, 'doc_ids': [1, 75, 108, 112, 203, 312, 424, 531, 538, 547]}, {'topic_words': 'random forest', 'score': 1.0, 'doc_ids': [24, 52, 67, 71, 112, 203, 244, 312, 424, 531, 538, 547]}, {'topic_words': 'data weighting', 'score': 1.0, 'doc_ids': [101]}, {'topic_words': 'cover mapping', 'score': 0.9, 'doc_ids': [24, 112, 244, 538]}, {'topic_words': 'classification accuracy', 'score': 0.9, 'doc_ids': [52, 67, 101, 149, 360]}, {'topic_words': 'google earth', 'score': 0.9, 'doc_ids': [1, 71, 203, 547]}, {'topic_words': 'urban land', 'score': 0.9, 'doc_ids': [1, 24, 67, 75, 76, 101]}, {'topic_words': 'optical data', 'score': 0.8, 'doc_ids': [24, 312]}, {'topic_words': 'weighting method', 'score': 0.8, 'doc_ids': [101]}, {'topic_words': 'earth engine', 'score': 0.7, 'doc_ids': [71, 203, 547]}, {'topic_words': 'urban forests', 'score': 0.7, 'doc_ids': [203]}, {'topic_words': 'sar data', 'score': 0.7, 'doc_ids': [24, 108]}, {'topic_words': 'remote sensing', 'score': 0.7, 'doc_ids': [1, 52, 71, 108, 112, 149, 244, 312, 360, 538, 547, 564]}, {'topic_words': 'use land', 'score': 0.7, 'doc_ids': [112, 538]}, {'topic_words': 'colour infrared', 'score': 0.7, 'doc_ids': [149]}, {'topic_words': 'urban forest', 'score': 0.7, 'doc_ids': [203]}, {'topic_words': 'classification algorithms', 'score': 0.7, 'doc_ids': [1, 67, 101, 531]}]","[{'topic_words': 'land cover', 'score': 455.99029206704165, 'doc_ids': [1, 24, 67, 76, 101, 112, 165, 244, 312, 360, 531, 538, 547]}, {'topic_words': 'machine learning', 'score': 352.714079537167, 'doc_ids': [24, 67, 71, 75, 76, 101, 108, 112, 149, 165, 203, 244, 312, 360, 424, 502, 531, 538, 547]}, {'topic_words': 'remote sensing', 'score': 208.63103885982503, 'doc_ids': [1, 52, 71, 108, 112, 149, 244, 312, 360, 538, 547, 564]}, {'topic_words': 'random forest', 'score': 190.07148053254102, 'doc_ids': [24, 52, 67, 71, 112, 203, 244, 312, 424, 531, 538, 547]}, {'topic_words': 'land use', 'score': 129.40783195360007, 'doc_ids': [71, 75, 76, 101, 112, 165, 360, 538]}, {'topic_words': 'overall accuracy', 'score': 119.7625485147724, 'doc_ids': [1, 75, 108, 112, 203, 312, 424, 531, 538, 547]}, {'topic_words': 'image classification', 'score': 116.47151494792197, 'doc_ids': [67, 71, 76, 112, 149, 244, 360, 538]}, {'topic_words': 'google earth', 'score': 97.73682576707105, 'doc_ids': [1, 71, 203, 547]}, {'topic_words': 'support vector', 'score': 88.71561520198821, 'doc_ids': [1, 24, 52, 101, 108]}, {'topic_words': 'colour infrared', 'score': 80.53844953744253, 'doc_ids': [149]}, {'topic_words': 'earth engine', 'score': 76.51241608153705, 'doc_ids': [71, 203, 547]}, {'topic_words': 'maximum likelihood', 'score': 75.13171503104688, 'doc_ids': [1, 24, 67, 244]}, {'topic_words': 'learning algorithms', 'score': 74.45659625760045, 'doc_ids': [71, 76, 112, 203, 244, 531]}, {'topic_words': 'data weighting', 'score': 70.41397092707044, 'doc_ids': [101]}, {'topic_words': 'urban planning', 'score': 69.80062029992891, 'doc_ids': [52, 71, 75, 101, 112, 360, 502, 538, 547, 564]}, {'topic_words': 'change detection', 'score': 68.67532845266969, 'doc_ids': [1, 52, 547]}, {'topic_words': 'remotely sensed', 'score': 66.21659936437818, 'doc_ids': [67, 165, 531, 547]}, {'topic_words': 'decision tree', 'score': 66.06188830558803, 'doc_ids': [52, 244, 502]}, {'topic_words': 'big data', 'score': 64.15830997901014, 'doc_ids': [71, 564]}, {'topic_words': 'urban land', 'score': 62.96798338677333, 'doc_ids': [1, 24, 67, 75, 76, 101]}]"
23,11,"[4, 16, 48, 89, 125, 164, 175, 331, 406, 520, 579]","[{'topic_words': 'land cover', 'score': 2.3, 'doc_ids': [4, 48, 89, 175, 331, 406, 579]}, {'topic_words': 'sediment yield', 'score': 2.0, 'doc_ids': [4]}, {'topic_words': 'soil erosion', 'score': 1.9, 'doc_ids': [4]}, {'topic_words': 'landscape pattern', 'score': 1.7, 'doc_ids': [48, 406]}, {'topic_words': 'green areas', 'score': 1.5, 'doc_ids': [520]}, {'topic_words': 'ecosystem service', 'score': 1.4, 'doc_ids': [48]}, {'topic_words': 'lulc change', 'score': 1.4, 'doc_ids': [89]}, {'topic_words': 'using landsat', 'score': 1.2, 'doc_ids': [89, 125, 175, 520]}, {'topic_words': 'landsat satellite', 'score': 1.2, 'doc_ids': [125, 175, 520, 579]}, {'topic_words': 'cover patterns', 'score': 1.1, 'doc_ids': [4, 406]}, {'topic_words': 'lulc changes', 'score': 1.1, 'doc_ids': [89, 331]}, {'topic_words': 'impervious surfaces', 'score': 1.1, 'doc_ids': [16, 125]}, {'topic_words': 'various land', 'score': 1.1, 'doc_ids': [406]}, {'topic_words': 'cover classes', 'score': 1.0, 'doc_ids': [175, 406]}, {'topic_words': 'total esv', 'score': 0.9, 'doc_ids': [48]}, {'topic_words': 'greater mankato', 'score': 0.9, 'doc_ids': [16]}, {'topic_words': 'awash basin', 'score': 0.9, 'doc_ids': [89]}, {'topic_words': 'upper awash', 'score': 0.9, 'doc_ids': [89]}]","[{'topic_words': 'land cover', 'score': 214.10050484599066, 'doc_ids': [4, 48, 89, 175, 331, 406, 579]}, {'topic_words': 'remote sensing', 'score': 109.73263829898897, 'doc_ids': [4, 16, 48, 89, 125, 331, 520]}, {'topic_words': 'sediment yield', 'score': 103.4536605738144, 'doc_ids': [4]}, {'topic_words': 'soil erosion', 'score': 93.44704297417003, 'doc_ids': [4]}, {'topic_words': 'landscape pattern', 'score': 66.3719111960198, 'doc_ids': [48, 406]}, {'topic_words': 'green areas', 'score': 65.56559878910576, 'doc_ids': [520]}, {'topic_words': 'ecosystem service', 'score': 62.703279288307044, 'doc_ids': [48]}, {'topic_words': 'landsat satellite', 'score': 48.62189457780413, 'doc_ids': [125, 175, 520, 579]}, {'topic_words': 'impervious surfaces', 'score': 45.85461476330443, 'doc_ids': [16, 125]}, {'topic_words': 'land use', 'score': 40.555335766193124, 'doc_ids': [16, 48, 331, 406, 579]}, {'topic_words': 'lulc change', 'score': 36.84796748569077, 'doc_ids': [89]}, {'topic_words': 'various land', 'score': 34.41057097022615, 'doc_ids': [406]}, {'topic_words': 'cover classes', 'score': 33.444744470767326, 'doc_ids': [175, 406]}, {'topic_words': 'using landsat', 'score': 25.67008570663511, 'doc_ids': [89, 125, 175, 520]}, {'topic_words': 'cover patterns', 'score': 24.11860617416511, 'doc_ids': [4, 406]}, {'topic_words': 'urban planning', 'score': 24.11860617416511, 'doc_ids': [48, 125, 164, 520]}, {'topic_words': 'lulc changes', 'score': 22.93270232598459, 'doc_ids': [89, 331]}]"
24,11,"[13, 270, 308, 364, 365, 378, 389, 409, 426, 456, 516]","[{'topic_words': 'street view', 'score': 2.1, 'doc_ids': [270, 409, 426]}, {'topic_words': 'built environment', 'score': 1.5, 'doc_ids': [365, 389, 409, 426]}, {'topic_words': 'color icons', 'score': 1.5, 'doc_ids': [378]}, {'topic_words': 'cultural ecosystem', 'score': 1.5, 'doc_ids': [13]}, {'topic_words': 'architectural color', 'score': 1.5, 'doc_ids': [378]}, {'topic_words': 'panoramic imagery', 'score': 1.5, 'doc_ids': [426]}, {'topic_words': 'ecosystem services', 'score': 1.5, 'doc_ids': [13]}, {'topic_words': 'google street', 'score': 1.4, 'doc_ids': [270, 389, 409, 426]}, {'topic_words': 'visual data', 'score': 1.3, 'doc_ids': [389]}, {'topic_words': 'view imagery', 'score': 1.2, 'doc_ids': [409]}, {'topic_words': 'media photographs', 'score': 1.2, 'doc_ids': [13]}, {'topic_words': 'mapping cultural', 'score': 1.2, 'doc_ids': [13]}, {'topic_words': 'holistic visual', 'score': 1.2, 'doc_ids': [389]}, {'topic_words': 'urban research', 'score': 1.1, 'doc_ids': [426]}, {'topic_words': 'urban analytics', 'score': 1.1, 'doc_ids': [409]}, {'topic_words': 'image interpretation', 'score': 1.0, 'doc_ids': [364]}, {'topic_words': 'design methods', 'score': 1.0, 'doc_ids': [516]}, {'topic_words': 'ecological environment', 'score': 1.0, 'doc_ids': [516]}]","[{'topic_words': 'machine learning', 'score': 157.97307522200572, 'doc_ids': [13, 270, 308, 389, 409, 426, 456, 516]}, {'topic_words': 'street view', 'score': 110.68348912783289, 'doc_ids': [270, 409, 426]}, {'topic_words': 'built environment', 'score': 80.74015991001288, 'doc_ids': [365, 389, 409, 426]}, {'topic_words': 'urban planning', 'score': 68.50707331758434, 'doc_ids': [13, 270, 308, 365, 516]}, {'topic_words': 'ecosystem services', 'score': 60.22865741548395, 'doc_ids': [13]}, {'topic_words': 'land use', 'score': 58.203055341629174, 'doc_ids': [270, 426]}, {'topic_words': 'color icons', 'score': 53.615896744574385, 'doc_ids': [378]}, {'topic_words': 'architectural color', 'score': 45.97951603406491, 'doc_ids': [378]}, {'topic_words': 'cultural ecosystem', 'score': 45.97951603406491, 'doc_ids': [13]}, {'topic_words': 'google street', 'score': 45.314149174996345, 'doc_ids': [270, 389, 409, 426]}, {'topic_words': 'panoramic imagery', 'score': 42.571634966966386, 'doc_ids': [426]}, {'topic_words': 'learning models', 'score': 33.00855104967687, 'doc_ids': [308, 389, 516]}, {'topic_words': 'view imagery', 'score': 27.359912540801773, 'doc_ids': [409]}, {'topic_words': 'visual data', 'score': 21.055326506068788, 'doc_ids': [389]}]"
25,20,"[15, 26, 35, 42, 65, 90, 114, 134, 144, 221, 314, 339, 362, 431, 469, 512, 517, 541, 553, 587]","[{'topic_words': 'street greenery', 'score': 2.2, 'doc_ids': [26, 90, 114]}, {'topic_words': 'park accessibility', 'score': 1.5, 'doc_ids': [144]}, {'topic_words': 'urban form', 'score': 1.2, 'doc_ids': [35, 314, 339]}, {'topic_words': 'street quality', 'score': 1.1, 'doc_ids': [114]}, {'topic_words': 'accessed street', 'score': 1.0, 'doc_ids': [26, 90]}, {'topic_words': 'urban identity', 'score': 1.0, 'doc_ids': [134]}, {'topic_words': 'urban forms', 'score': 0.9, 'doc_ids': [42]}, {'topic_words': 'street view', 'score': 0.9, 'doc_ids': [15, 26, 42, 90, 469]}, {'topic_words': 'daily accessed', 'score': 0.8, 'doc_ids': [26, 90]}, {'topic_words': 'visual enclosure', 'score': 0.8, 'doc_ids': [15]}, {'topic_words': 'visible street', 'score': 0.8, 'doc_ids': [26, 90]}, {'topic_words': 'perceptual qualities', 'score': 0.8, 'doc_ids': [469]}, {'topic_words': 'google street', 'score': 0.8, 'doc_ids': [15, 26, 469]}, {'topic_words': 'urban morphology', 'score': 0.8, 'doc_ids': [314]}, {'topic_words': 'new urban', 'score': 0.7, 'doc_ids': [90, 114, 134]}, {'topic_words': 'spatial pattern', 'score': 0.7, 'doc_ids': [221]}, {'topic_words': 'planning practices', 'score': 0.7, 'doc_ids': [26, 114]}, {'topic_words': 'view imagery', 'score': 0.7, 'doc_ids': [15, 469]}, {'topic_words': 'urban landscape', 'score': 0.7, 'doc_ids': [469]}, {'topic_words': 'urban environment', 'score': 0.7, 'doc_ids': [65, 517, 553]}]","[{'topic_words': 'machine learning', 'score': 275.29848546349496, 'doc_ids': [15, 26, 42, 65, 114, 144, 221, 314, 339, 431, 469, 512, 517, 541, 553]}, {'topic_words': 'street greenery', 'score': 121.23718541514606, 'doc_ids': [26, 90, 114]}, {'topic_words': 'park accessibility', 'score': 82.98990469078147, 'doc_ids': [144]}, {'topic_words': 'urban form', 'score': 77.97759930892732, 'doc_ids': [35, 314, 339]}, {'topic_words': 'street view', 'score': 70.024721896171, 'doc_ids': [15, 26, 42, 90, 469]}, {'topic_words': 'urban planning', 'score': 57.658114612027504, 'doc_ids': [26, 42, 114, 144, 314, 339, 362, 431, 469]}, {'topic_words': 'case study', 'score': 57.106556224281434, 'doc_ids': [65, 114, 134, 314, 469, 512]}, {'topic_words': 'perceptual qualities', 'score': 54.148589523486805, 'doc_ids': [469]}, {'topic_words': 'view imagery', 'score': 51.343994610541586, 'doc_ids': [15, 469]}, {'topic_words': 'daily accessed', 'score': 47.616817132171235, 'doc_ids': [26, 90]}, {'topic_words': 'accessed street', 'score': 47.26239801027863, 'doc_ids': [26, 90]}, {'topic_words': 'google street', 'score': 47.26239801027863, 'doc_ids': [15, 26, 469]}, {'topic_words': 'visual enclosure', 'score': 43.71055887972591, 'doc_ids': [15]}, {'topic_words': 'planning practices', 'score': 43.69320604776589, 'doc_ids': [26, 114]}, {'topic_words': 'learning algorithms', 'score': 42.84717321474856, 'doc_ids': [15, 26, 314]}, {'topic_words': 'large scale', 'score': 42.616581448814635, 'doc_ids': [15, 541]}, {'topic_words': 'spatial pattern', 'score': 42.08236496371078, 'doc_ids': [221]}, {'topic_words': 'urban forms', 'score': 40.238260150299105, 'doc_ids': [42]}, {'topic_words': 'public spaces', 'score': 39.73793603670054, 'doc_ids': [134, 541]}, {'topic_words': 'urban identity', 'score': 38.22752129048138, 'doc_ids': [134]}]"
26,19,"[68, 78, 92, 102, 116, 135, 180, 211, 245, 268, 289, 330, 354, 374, 382, 475, 491, 556, 561]","[{'topic_words': 'public spaces', 'score': 1.9, 'doc_ids': [92, 211, 268, 330, 354, 491]}, {'topic_words': 'public space', 'score': 1.4, 'doc_ids': [268, 354, 491, 556]}, {'topic_words': 'safety perception', 'score': 1.3, 'doc_ids': [330, 374]}, {'topic_words': 'health purposes', 'score': 1.1, 'doc_ids': [102]}, {'topic_words': 'built environment', 'score': 1.0, 'doc_ids': [92, 102, 289, 491]}, {'topic_words': 'residential segregation', 'score': 1.0, 'doc_ids': [116, 289]}, {'topic_words': 'soundscape assessments', 'score': 0.8, 'doc_ids': [135]}, {'topic_words': 'walking environments', 'score': 0.8, 'doc_ids': [102]}, {'topic_words': 'analytical model', 'score': 0.8, 'doc_ids': [102]}, {'topic_words': 'pedestrian landscapes', 'score': 0.8, 'doc_ids': [102]}, {'topic_words': 'baru station', 'score': 0.8, 'doc_ids': [561]}, {'topic_words': 'sound recognition', 'score': 0.8, 'doc_ids': [180, 245]}, {'topic_words': 'depok baru', 'score': 0.8, 'doc_ids': [561]}, {'topic_words': 'urban soundscape', 'score': 0.8, 'doc_ids': [68, 135]}, {'topic_words': 'quantify perceptions', 'score': 0.8, 'doc_ids': [92, 330]}, {'topic_words': 'las vegas', 'score': 0.8, 'doc_ids': [491]}]","[{'topic_words': 'machine learning', 'score': 225.35114376767334, 'doc_ids': [68, 78, 92, 102, 180, 211, 245, 268, 289, 330, 374, 382, 475, 491, 556]}, {'topic_words': 'public spaces', 'score': 101.38806289451206, 'doc_ids': [92, 211, 268, 330, 354, 491]}, {'topic_words': 'built environment', 'score': 85.02388717801257, 'doc_ids': [92, 102, 289, 491]}, {'topic_words': 'learning techniques', 'score': 60.002626686711345, 'doc_ids': [68, 78, 245, 289, 374]}, {'topic_words': 'public space', 'score': 55.93856789874517, 'doc_ids': [268, 354, 491, 556]}, {'topic_words': 'support vector', 'score': 54.651049213135416, 'doc_ids': [68, 135]}, {'topic_words': 'safety perception', 'score': 53.24179365050268, 'doc_ids': [330, 374]}, {'topic_words': 'health purposes', 'score': 52.10148826255273, 'doc_ids': [102]}, {'topic_words': 'urban planning', 'score': 51.30372082251887, 'doc_ids': [116, 245, 330, 374, 382, 556, 561]}, {'topic_words': 'residential segregation', 'score': 42.2913961443973, 'doc_ids': [116, 289]}, {'topic_words': 'urban design', 'score': 24.504348875124553, 'doc_ids': [211, 354, 491]}, {'topic_words': 'urban environment', 'score': 22.93354834713282, 'doc_ids': [78, 180, 374]}]"
